INSERT INTO `PREFIXrbthememenu_menu`(`id_menu`,`sort_order`,`enabled`,`enabled_vertical`,`menu_open_new_tab`,`id_cms`,`id_manufacturer`,`id_supplier`,`id_category`,`link_type`,`sub_menu_type`,`sub_menu_max_width`,`custom_class`,`menu_icon`,`menu_img_link`,`bubble_text_color`,`menu_item_width`,`tab_item_width`,`bubble_background_color`,`menu_ver_text_color`,`menu_ver_background_color`,`background_image`,`position_background`,`menu_ver_alway_show`,`menu_ver_hidden_border`,`display_tabs_in_full_width`) VALUES 
('2','1','1','0','0','0','0','0','2','CATEGORY','FULL','100%','','','','#ffffff','230px','230px','#FC4444','#ffffff','#666666','','top','0','0','0'),('3','2','1','0','0','1','0','0','3','CATEGORY','FULL','100%','rb-cate','','','#ffffff','230px','230px','#FC4444','#ffffff','#666666','','center','0','0','0'),('4','3','1','0','0','4','2','0','2','MNFT','FULL','100%','','','','#ffffff','230px','230px','#FC4444','#ffffff','#666666','','center','0','0','0'),('5','4','1','0','0','4','0','0','2','CUSTOM','FULL','100%','','','','#ffffff','230px','230px','#FC4444','#ffffff','#666666','','center','0','0','0'),('6','5','1','0','0','4','0','0','2','CONTACT','FULL','100%','','','','#ffffff','230px','230px','#FC4444','#ffffff','#666666','','center','0','0','0'),('7','0','1','0','0','0','0','0','0','HOME','FULL','100%','custom_home','','','#ffffff','230px','230px','#FC4444','#ffffff','#666666','','center','0','0','0');
INSERT INTO `PREFIXrbthememenu_menu_lang`(`id_menu`,`id_lang`,`title`,`link`,`bubble_text`) VALUES 
('2','1','Category','',''),('2','2','Catégorie','',''),('2','3','Kategorie','',''),('2','4','Categoría','',''),('3','1','Shop','',''),('3','2','Magasin','',''),('3','3','Geschäft','',''),('3','4','Tienda','',''),('4','1','Brand','',''),('4','2','Marque','',''),('4','3','Marke','',''),('4','4','Marca','',''),('5','1','Blog','blog.html',''),('5','2','Blog','blog.html',''),('5','3','Blog','blog.html',''),('5','4','Blog','blog.html',''),('6','1','Contact','',''),('6','2','Contact','',''),('6','3','Kontakt','',''),('6','4','Contacto','',''),('7','1','Home','',''),('7','2','Maison','',''),('7','3','Startseite','',''),('7','4','Casa','','');
INSERT INTO `PREFIXrbthememenu_menu_shop`(`id_menu`,`id_shop`) VALUES ('1','1'),('2','1'),('3','1'),('4','1'),('5','1'),('6','1'),('7','1');
INSERT INTO `PREFIXrbthememenu_column`(`id_column`,`id_menu`,`id_tab`,`is_breaker`,`column_size`,`sort_order`) VALUES ('3','2','0','0','3','1'),('4','2','0','0','3','3'),('5','2','0','0','3','4'),('6','3','0','0','4','1'),('7','3','0','0','4','3'),('8','3','0','0','4','4'),('9','4','0','0','12','1'),('10','2','0','0','12','6'),('12','7','0','0','2','2'),('13','7','0','0','2','3'),('14','7','0','0','2','5'),('15','7','0','0','2','6'),('16','7','0','0','2','6'),('17','2','0','0','3','5'),('18','7','0','0','2','1'),('19','7','0','0','2','7'),('20','7','0','0','2','8'),('21','7','0','0','2','9'),('22','7','0','0','2','10');
INSERT INTO `PREFIXrbthememenu_block`(`id_block`,`id_column`,`block_type`,`image`,`sort_order`,`enabled`,`id_categories`,`order_by_category`,`id_manufacturers`,`order_by_manufacturers`,`display_mnu_img`,`display_mnu_name`,`display_mnu_inline`,`id_suppliers`,`order_by_suppliers`,`display_suppliers_img`,`display_suppliers_name`,`display_suppliers_inline`,`product_type`,`id_products`,`product_count`,`id_cmss`,`display_title`,`show_description`,`show_clock`) VALUES 
('1','1','IMAGE','01_home_v5.jpg','1','1','','cl.name ASC,c.id_category ASC','','name ASC,m.id_manufacturer ASC','0','1','1','','name ASC,s.id_supplier ASC','0','1','1','specific','','2','','1','0','0'),('2','2','PRODUCT','','1','1','3,4,5,6,7,8,9','cl.name ASC,c.id_category ASC','','name ASC,m.id_manufacturer ASC','0','1','1','','name ASC,s.id_supplier ASC','0','1','1','popular','','4','0,4,1,2,5,3','1','0','1'),('4','3','CATEGORY','','1','1','4,5,13,14,12','cl.name ASC,c.id_category ASC','','name ASC,m.id_manufacturer ASC','0','1','1','','name ASC,s.id_supplier ASC','0','1','1','specific','','2','','1','0','0'),('5','4','CATEGORY','','1','1','7,8,16,17,18','cl.name ASC,c.id_category ASC','','name ASC,m.id_manufacturer ASC','0','1','1','','name ASC,s.id_supplier ASC','0','1','1','specific','','2','','1','0','0'),('6','5','CATEGORY','','1','1','3,6,9,10,11','cl.name ASC,c.id_category ASC','','name ASC,m.id_manufacturer ASC','0','1','1','','name ASC,s.id_supplier ASC','0','1','1','specific','','2','','1','0','0'),('7','6','IMAGE','bb79c7e39a-menu1.jpg','1','1','','cl.name ASC,c.id_category ASC','','name ASC,m.id_manufacturer ASC','0','1','1','','name ASC,s.id_supplier ASC','0','1','1','specific','','2','','1','0','0'),('8','6','IMAGE','menu5.jpg','8','1','','cl.name ASC,c.id_category ASC','','name ASC,m.id_manufacturer ASC','0','1','1','','name ASC,s.id_supplier ASC','0','1','1','specific','','2','','1','0','0'),('10','7','IMAGE','menu2.jpg','6','1','','cl.name ASC,c.id_category ASC','','name ASC,m.id_manufacturer ASC','0','1','1','','name ASC,s.id_supplier ASC','0','1','1','specific','','2','','1','0','0'),('11','8','IMAGE','menu4.jpg','1','1','','cl.name ASC,c.id_category ASC','','name ASC,m.id_manufacturer ASC','0','1','1','','name ASC,s.id_supplier ASC','0','1','1','specific','','2','','1','0','0'),('13','9','MNFT','','1','1','','cl.name ASC,c.id_category ASC','0,3,4,5,6,2,1','name ASC,m.id_manufacturer ASC','1','0','6','','name ASC,s.id_supplier ASC','0','1','1','specific','','2','','0','0','0'),('14','10','IMAGE','bg2-h1.png','1','1','','cl.name ASC,c.id_category ASC','','name ASC,m.id_manufacturer ASC','0','1','1','','name ASC,s.id_supplier ASC','0','1','1','specific','','2','','0','0','0'),('15','11','IMAGE','5.png','1','1','','cl.name ASC,c.id_category ASC','','name ASC,m.id_manufacturer ASC','0','1','1','','name ASC,s.id_supplier ASC','0','1','1','specific','','2','','1','0','0'),('16','12','IMAGE','home-2.jpg','1','1','','cl.name ASC,c.id_category ASC','','name ASC,m.id_manufacturer ASC','0','1','1','','name ASC,s.id_supplier ASC','0','1','1','specific','','2','','1','0','0'),('17','13','IMAGE','home-3.jpg','1','1','','cl.name ASC,c.id_category ASC','','name ASC,m.id_manufacturer ASC','0','1','1','','name ASC,s.id_supplier ASC','0','1','1','specific','','2','','1','0','0'),('21','17','CATEGORY','','1','1','4,15,10,11,9','cl.name ASC,c.id_category ASC','','name ASC,m.id_manufacturer ASC','0','1','1','','name ASC,s.id_supplier ASC','0','1','1','specific','','2','','1','0','0'),('22','18','IMAGE','home-1.jpg','1','1','','cl.name ASC,c.id_category ASC','','name ASC,m.id_manufacturer ASC','0','1','1','','name ASC,s.id_supplier ASC','0','1','1','specific','','2','','1','0','0'),('24','16','IMAGE','home-6.jpg','1','1','','cl.name ASC,c.id_category ASC','','name ASC,m.id_manufacturer ASC','0','1','1','','name ASC,s.id_supplier ASC','0','1','1','specific','','2','','1','0','0'),('25','21','IMAGE','home-9.jpg','1','1','','cl.name ASC,c.id_category ASC','','name ASC,m.id_manufacturer ASC','0','1','1','','name ASC,s.id_supplier ASC','0','1','1','specific','','2','','1','0','0'),('26','15','IMAGE','home-5.jpg','1','1','','cl.name ASC,c.id_category ASC','','name ASC,m.id_manufacturer ASC','0','1','1','','name ASC,s.id_supplier ASC','0','1','1','specific','','2','','1','0','0'),('27','19','IMAGE','home-7.jpg','1','1','','cl.name ASC,c.id_category ASC','','name ASC,m.id_manufacturer ASC','0','1','1','','name ASC,s.id_supplier ASC','0','1','1','specific','','2','','1','0','0'),('30','14','IMAGE','home-4.jpg','1','1','','cl.name ASC,c.id_category ASC','','name ASC,m.id_manufacturer ASC','0','1','1','','name ASC,s.id_supplier ASC','0','1','1','specific','','2','','1','0','0'),('32','22','IMAGE','home-10.jpg','1','1','','cl.name ASC,c.id_category ASC','','name ASC,m.id_manufacturer ASC','0','1','1','','name ASC,s.id_supplier ASC','0','1','1','specific','','2','','1','0','0'),('33','20','IMAGE','home-8.jpg','1','1','','cl.name ASC,c.id_category ASC','','name ASC,m.id_manufacturer ASC','0','1','1','','name ASC,s.id_supplier ASC','0','1','1','specific','','2','','1','0','0'),('35','8','IMAGE','menu3.jpg','2','1','','cl.name ASC,c.id_category ASC','','name ASC,m.id_manufacturer ASC','0','1','1','','name ASC,s.id_supplier ASC','0','1','1','specific','','2','','1','0','0'),('36','7','IMAGE','36_504c2b9d28-menu6.jpg','7','1','','cl.name ASC,c.id_category ASC','','name ASC,m.id_manufacturer ASC','0','1','1','','name ASC,s.id_supplier ASC','0','1','1','specific','','2','','1','0','0');
INSERT INTO `PREFIXrbthememenu_block_lang`(`id_block`,`id_lang`,`title`,`content`,`title_link`,`image_link`) VALUES ('1','1','Home 1','Home 1','home-1.html','home-1.html'),('2','1','Clothes','','#',''),('4','1','Shop','','',''),('4','2','Living','','',''),('4','3','Living','','',''),('4','4','Living','','',''),('5','1','Accessories','','',''),('5','2','Furniture','','',''),('5','3','Furniture','','',''),('5','4','Furniture','','',''),('6','1','Home','','',''),('6','2','Home','','',''),('6','3','Home','','',''),('6','4','Home','','',''),('7','1','Makeup Powder','','#','#'),('7','2','Maquillage en poudre','','#','#'),('7','3','Make-up Puder','','#','#'),('7','4','Polvo de maquillaje','','#','#'),('8','1','Eyeshadow','','#','#'),('8','2','Le fard à paupières','','#','#'),('8','3','Lidschatten','','#','#'),('8','4','Sombra','','#','#'),('10','1','Lipstick','','#','#'),('10','2','Rouge à lèvres','','#','#'),('10','3','Lippenstift','','#','#'),('10','4','Lápiz labial','','#','#'),('11','1','Sale','','#','#'),('11','2','Vente','','#','#'),('11','3','Verkauf','','#','#'),('11','4','Rebaja','','#','#'),('13','1','Manufacture','','',''),('14','1','banner','','',''),('15','1','Home 1','','home-1.html','home-1.html'),('15','2','Home 1','','home-1.html','home-1.html'),('15','3','Home 1','','home-1.html','home-1.html'),('15','4','Home 1','','home-1.html','home-1.html'),('16','1','Home 2','','home-2.html','home-2.html'),('16','2','Maison 2','','home-2.html','home-2.html'),('16','3','Startseite 2','','home-2.html','home-2.html'),('16','4','Casa 2','','home-2.html','home-2.html'),('17','1','Home 3','','home-3.html','home-3.html'),('17','2','Maison 3','','home-3.html','home-3.html'),('17','3','Startseite 3','','home-3.html','home-3.html'),('17','4','Casa 3','','home-3.html','home-3.html'),('21','1','For Autumn','','',''),('22','1','Home 1','','home-1.html','home-1.html'),('22','2','Maison 1','','home-1.html','home-1.html'),('22','3','Startseite 1','','home-1.html','home-1.html'),('22','4','Casa 1','','home-1.html','home-1.html'),('24','1','Home 6','','home-6.html','home-6.html'),('24','2','Maison 6','','home-6.html','home-6.html'),('24','3','Startseite 6','','home-6.html','home-6.html'),('24','4','Casa 6','','home-6.html','home-6.html'),('25','1','Home 9','','home-9.html','home-9.html'),('25','2','Maison 9','','home-9.html','home-9.html'),('25','3','Startseite 9','','home-9.html','home-9.html'),('25','4','Casa 9','','home-9.html','home-9.html'),('26','1','Home 5','','home-5.html','home-5.html'),('26','2','Maison 5','','home-5.html','home-5.html'),('26','3','Startseite 5','','home-5.html','home-5.html'),('26','4','Casa 5','','home-5.html','home-5.html'),('27','1','Home 7','','home-7.html','home-7.html'),('27','2','Maison 7','','home-7.html','home-7.html'),('27','3','Startseite 7','','home-7.html','home-7.html'),('27','4','Casa 7','','home-7.html','home-7.html'),('30','1','Home 4','','home-4.html','home-4.html'),('30','2','Maison 4','','home-4.html','home-4.html'),('30','3','Startseite 4','','home-4.html','home-4.html'),('30','4','Casa 4','','home-4.html','home-4.html'),('32','1','Home 10','','home-10.html','home-10.html'),('32','2','Maison 10','','home-10.html','home-10.html'),('32','3','Startseite 10','','home-10.html','home-10.html'),('32','4','Casa 10','','home-10.html','home-10.html'),('33','1','Home 8','','home-8.html','home-8.html'),('33','2','Maison 8','','home-8.html','home-8.html'),('33','3','Startseite 8','','home-8.html','home-8.html'),('33','4','Casa 8','','home-8.html','home-8.html'),('35','1','Soap Beauty','','#','#'),('35','2','Savon Beauté','','#','#'),('35','3','Seifenschönheit','','#','#'),('35','4','Belleza de jabón','','#','#'),('36','1','Concealer','','#','#'),('36','2','Correcteur','','#','#'),('36','3','Concealer','','#','#'),('36','4','Ocultador','','#','#');
