INSERT INTO `PREFIXrbblog_post`(`id_rbblog_post`,`id_rbblog_category`,`id_rbblog_post_type`,`id_rbblog_author`,`author`,`likes`,`views`,`allow_comments`,`is_featured`,`access`,`cover`,`featured`,`id_product`,`active`,`date_add`,`date_upd`) VALUES ('1','1','1','0','Rubiktheme','0','27','1','1','a:3:{i:1;b:1;i:2;b:1;i:3;b:1;}','jpg','','','1','2019-11-28 09:43:01','2021-01-18 12:19:06'),('2','2','1','0','Rubiktheme','0','1','3','1','a:3:{i:1;b:1;i:2;b:1;i:3;b:1;}','jpg','','','1','2019-11-28 10:59:32','2021-02-02 11:10:54'),('3','1','1','0','Rubiktheme','0','21','3','1','a:3:{i:1;b:1;i:2;b:1;i:3;b:1;}','jpg','','','1','2019-11-28 11:05:10','2021-01-18 12:20:44'),('4','1','1','0','Rubiktheme','0','0','3','1','a:3:{i:1;b:1;i:2;b:1;i:3;b:1;}','jpg','','','1','2019-11-28 11:09:22','2021-01-18 12:21:23'),('5','1','1','0','Rubiktheme','0','3','3','1','a:3:{i:1;b:1;i:2;b:1;i:3;b:1;}','jpg','','','1','2019-11-28 11:15:39','2021-01-18 12:21:58'),('6','1','1','0','Rubiktheme','0','2','3','1','a:3:{i:1;b:1;i:2;b:1;i:3;b:1;}','jpg','','','1','2019-11-28 11:19:52','2021-01-18 12:22:50'),('7','1','1','0','Rubiktheme','0','26','3','1','a:3:{i:1;b:1;i:2;b:1;i:3;b:1;}','jpg','','','1','2019-11-28 11:21:27','2021-01-18 12:23:40'),('8','2','1','0','Rubiktheme','0','8','3','1','a:3:{i:1;b:1;i:2;b:1;i:3;b:1;}','jpg','','','1','2020-04-18 23:00:53','2021-01-18 12:24:13'),('9','3','1','0','','0','1','3','1','a:3:{i:1;b:1;i:2;b:1;i:3;b:1;}','jpg','','','1','2021-01-08 13:36:14','2021-01-18 12:12:05'),('10','3','1','0','','0','1','3','1','a:3:{i:1;b:1;i:2;b:1;i:3;b:1;}','jpg','','','1','2021-01-08 13:38:16','2021-01-18 12:12:44'),('11','3','1','0','','0','0','3','1','a:3:{i:1;b:1;i:2;b:1;i:3;b:1;}','jpg','','','1','2021-01-08 13:43:39','2021-01-18 12:13:22'),('12','3','1','0','','0','1','3','1','a:3:{i:1;b:1;i:2;b:1;i:3;b:1;}','jpg','','','1','2021-01-08 13:44:54','2021-01-18 12:14:04'),('13','3','1','0','','0','0','3','1','a:3:{i:1;b:1;i:2;b:1;i:3;b:1;}','jpg','','','1','2021-01-08 13:50:04','2021-01-18 12:14:44'),('14','3','1','0','','0','0','3','1','a:3:{i:1;b:1;i:2;b:1;i:3;b:1;}','jpg','','','1','2021-01-08 13:52:06','2021-01-18 12:15:22'),('15','4','1','0','','0','0','3','1','a:3:{i:1;b:1;i:2;b:1;i:3;b:1;}','jpg','','','1','2021-01-08 13:55:28','2021-01-18 12:16:03'),('16','4','1','0','','0','0','3','1','a:3:{i:1;b:1;i:2;b:1;i:3;b:1;}','jpg','','','1','2021-01-08 13:59:33','2021-01-18 12:16:39'),('17','4','1','0','','0','0','3','1','a:3:{i:1;b:1;i:2;b:1;i:3;b:1;}','jpg','','','1','2021-01-08 14:02:13','2021-01-18 12:17:17'),('18','4','1','0','','0','0','3','1','a:3:{i:1;b:1;i:2;b:1;i:3;b:1;}','jpg','','','1','2021-01-08 14:04:56','2021-01-18 12:17:55');
INSERT INTO `PREFIXrbblog_post_lang`(`id_rbblog_post`,`id_lang`,`title`,`meta_title`,`meta_description`,`meta_keywords`,`canonical`,`short_content`,`content`,`video_code`,`external_url`,`link_rewrite`) VALUES ('1','1','How to Make Your First 10','','','','','<p>Odio ut pretium ligula quam Vestibulum consequat convallis fringilla Vestibulum nulla. Accumsan morbi...</p>','<p>Odio ut pretium ligula quam Vestibulum consequat convallis fringilla Vestibulum nulla. Accumsan morbi tristique auctor. At risus pretium urna tortor metus fringilla interdum mauris tempor congue Odio ut pretium ligula quam Vestibulum consequat convallis fringilla Vestibulum nulla. Accumsan morbi tristique auctor. At risus pretium urna tortor metus fringilla interdum mauris tempor congue Odio ut pretium ligula quam Vestibulum consequat convallis fringilla Vestibulum nulla. Accumsan morbi tristique auctor. At risus pretium urna tortor metus fringilla interdum mauris tempor congue</p>
<p></p>
<p>Odio ut pretium ligula quam Vestibulum consequat convallis fringilla Vestibulum nulla. Accumsan morbi tristique auctor. At risus pretium urna tortor metus fringilla interdum mauris tempor congue</p>
<p></p>
<p>Odio ut pretium ligula quam Vestibulum consequat convallis fringilla Vestibulum nulla. Accumsan morbi tristique auctor. At risus pretium urna tortor metus fringilla interdum mauris tempor congue Odio ut pretium ligula quam Vestibulum consequat convallis fringilla Vestibulum nulla. Accumsan morbi tristique auctor. At risus pretium urna tortor metus fringilla interdum mauris tempor congue</p>
<p></p>
<p>Odio ut pretium ligula quam Vestibulum consequat convallis fringilla Vestibulum nulla. Accumsan morbi tristique auctor. At risus pretium urna tortor metus fringilla interdum mauris tempor congue Odio ut pretium ligula quam Vestibulum consequat convallis fringilla Vestibulum nulla. Accumsan morbi tristique auctor. At risus pretium urna tortor metus fringilla interdum mauris tempor congue</p>','','','how-to-make-your-first-10'),('1','2','Comment faire vos 10 premiers','','','','','<p>Odio ut pretium ligula quam Vestibulum consequat convallis fringilla Vestibulum nulla. Accumsan morbi...</p>','<p>Odio ut pretium ligula quam Vestibulum consequat convallis fringilla Vestibulum nulla. Accumsan morbi tristique auctor. At risus pretium urna tortor metus fringilla interdum mauris tempor congue Odio ut pretium ligula quam Vestibulum consequat convallis fringilla Vestibulum nulla. Accumsan morbi tristique auctor. At risus pretium urna tortor metus fringilla interdum mauris tempor congue Odio ut pretium ligula quam Vestibulum consequat convallis fringilla Vestibulum nulla. Accumsan morbi tristique auctor. At risus pretium urna tortor metus fringilla interdum mauris tempor congue</p>
<p></p>
<p>Odio ut pretium ligula quam Vestibulum consequat convallis fringilla Vestibulum nulla. Accumsan morbi tristique auctor. At risus pretium urna tortor metus fringilla interdum mauris tempor congue</p>
<p></p>
<p>Odio ut pretium ligula quam Vestibulum consequat convallis fringilla Vestibulum nulla. Accumsan morbi tristique auctor. At risus pretium urna tortor metus fringilla interdum mauris tempor congue Odio ut pretium ligula quam Vestibulum consequat convallis fringilla Vestibulum nulla. Accumsan morbi tristique auctor. At risus pretium urna tortor metus fringilla interdum mauris tempor congue</p>
<p></p>
<p>Odio ut pretium ligula quam Vestibulum consequat convallis fringilla Vestibulum nulla. Accumsan morbi tristique auctor. At risus pretium urna tortor metus fringilla interdum mauris tempor congue Odio ut pretium ligula quam Vestibulum consequat convallis fringilla Vestibulum nulla. Accumsan morbi tristique auctor. At risus pretium urna tortor metus fringilla interdum mauris tempor congue</p>','','','comment-faire-vos-10-premiers'),('1','3','So machen Sie Ihre ersten 10','','','','','<p>Odio ut pretium ligula quam Vestibulum consequat convallis fringilla Vestibulum nulla. Accumsan morbi...</p>','<p>Odio ut pretium ligula quam Vestibulum consequat convallis fringilla Vestibulum nulla. Accumsan morbi tristique auctor. At risus pretium urna tortor metus fringilla interdum mauris tempor congue Odio ut pretium ligula quam Vestibulum consequat convallis fringilla Vestibulum nulla. Accumsan morbi tristique auctor. At risus pretium urna tortor metus fringilla interdum mauris tempor congue Odio ut pretium ligula quam Vestibulum consequat convallis fringilla Vestibulum nulla. Accumsan morbi tristique auctor. At risus pretium urna tortor metus fringilla interdum mauris tempor congue</p>
<p></p>
<p>Odio ut pretium ligula quam Vestibulum consequat convallis fringilla Vestibulum nulla. Accumsan morbi tristique auctor. At risus pretium urna tortor metus fringilla interdum mauris tempor congue</p>
<p></p>
<p>Odio ut pretium ligula quam Vestibulum consequat convallis fringilla Vestibulum nulla. Accumsan morbi tristique auctor. At risus pretium urna tortor metus fringilla interdum mauris tempor congue Odio ut pretium ligula quam Vestibulum consequat convallis fringilla Vestibulum nulla. Accumsan morbi tristique auctor. At risus pretium urna tortor metus fringilla interdum mauris tempor congue</p>
<p></p>
<p>Odio ut pretium ligula quam Vestibulum consequat convallis fringilla Vestibulum nulla. Accumsan morbi tristique auctor. At risus pretium urna tortor metus fringilla interdum mauris tempor congue Odio ut pretium ligula quam Vestibulum consequat convallis fringilla Vestibulum nulla. Accumsan morbi tristique auctor. At risus pretium urna tortor metus fringilla interdum mauris tempor congue</p>','','','so-machen-sie-ihre-ersten-10'),('1','4','Cómo hacer tus primeros 10','','','','','<p>Odio ut pretium ligula quam Vestibulum consequat convallis fringilla Vestibulum nulla. Accumsan morbi...</p>','<p>Odio ut pretium ligula quam Vestibulum consequat convallis fringilla Vestibulum nulla. Accumsan morbi tristique auctor. At risus pretium urna tortor metus fringilla interdum mauris tempor congue Odio ut pretium ligula quam Vestibulum consequat convallis fringilla Vestibulum nulla. Accumsan morbi tristique auctor. At risus pretium urna tortor metus fringilla interdum mauris tempor congue Odio ut pretium ligula quam Vestibulum consequat convallis fringilla Vestibulum nulla. Accumsan morbi tristique auctor. At risus pretium urna tortor metus fringilla interdum mauris tempor congue</p>
<p></p>
<p>Odio ut pretium ligula quam Vestibulum consequat convallis fringilla Vestibulum nulla. Accumsan morbi tristique auctor. At risus pretium urna tortor metus fringilla interdum mauris tempor congue</p>
<p></p>
<p>Odio ut pretium ligula quam Vestibulum consequat convallis fringilla Vestibulum nulla. Accumsan morbi tristique auctor. At risus pretium urna tortor metus fringilla interdum mauris tempor congue Odio ut pretium ligula quam Vestibulum consequat convallis fringilla Vestibulum nulla. Accumsan morbi tristique auctor. At risus pretium urna tortor metus fringilla interdum mauris tempor congue</p>
<p></p>
<p>Odio ut pretium ligula quam Vestibulum consequat convallis fringilla Vestibulum nulla. Accumsan morbi tristique auctor. At risus pretium urna tortor metus fringilla interdum mauris tempor congue Odio ut pretium ligula quam Vestibulum consequat convallis fringilla Vestibulum nulla. Accumsan morbi tristique auctor. At risus pretium urna tortor metus fringilla interdum mauris tempor congue</p>','','','como-hacer-tus-primeros-10'),('2','1','Classics yesterday','','','','','<p>Donec tellus Nulla lorem Nullam elit id ut elit feugiat lacus. Congue eget dapibus congue tincidunt...</p>','<p>Donec tellus Nulla lorem Nullam elit id ut elit feugiat lacus. Congue eget dapibus congue tincidunt senectus nibh risus Phasellus tristique justo. Justo Pellentesque Donec lobortis faucibus Vestibulum Praesent mauris volutpat vitae metus. Ipsum cursus vestibulum at interdum Vivamus nunc fringilla Curabitur ac quis. Nam lacinia wisi tortor orci quis vitae. Donec tellus Nulla lorem Nullam elit id ut elit feugiat lacus. Congue eget dapibus congue tincidunt senectus nibh risus Phasellus tristique justo. Justo Pellentesque Donec lobortis faucibus Vestibulum Praesent mauris volutpat vitae metus. Ipsum cursus vestibulum at interdum Vivamus nunc fringilla Curabitur ac quis. Nam lacinia wisi tortor orci quis vitae. Donec tellus Nulla lorem Nullam elit id ut elit feugiat lacus. Congue eget dapibus congue tincidunt senectus nibh risus Phasellus tristique justo. Justo Pellentesque Donec lobortis faucibus Vestibulum Praesent mauris volutpat vitae metus. Ipsum cursus vestibulum at interdum Vivamus nunc fringilla Curabitur ac quis. Nam lacinia wisi tortor orci quis vitae.</p>
<p>Donec tellus Nulla lorem Nullam elit id ut elit feugiat lacus. Congue eget dapibus congue tincidunt senectus nibh risus Phasellus tristique justo. Justo Pellentesque Donec lobortis faucibus Vestibulum Praesent mauris volutpat vitae metus. Ipsum cursus vestibulum at interdum Vivamus nunc fringilla Curabitur ac quis. Nam lacinia wisi tortor orci quis vitae.Donec tellus Nulla lorem Nullam elit id ut elit feugiat lacus. Congue eget dapibus congue tincidunt senectus nibh risus Phasellus tristique justo. Justo Pellentesque Donec lobortis faucibus Vestibulum Praesent mauris volutpat vitae metus. Ipsum cursus vestibulum at interdum Vivamus nunc fringilla Curabitur ac quis. Nam lacinia wisi tortor orci quis vitae.Donec tellus Nulla lorem Nullam elit id ut elit feugiat lacus. Congue eget dapibus congue tincidunt senectus nibh risus Phasellus tristique justo. Justo Pellentesque Donec lobortis faucibus Vestibulum Praesent mauris volutpat vitae metus. Ipsum cursus vestibulum at interdum Vivamus nunc fringilla Curabitur ac quis. Nam lacinia wisi tortor orci quis vitae.</p>','','','classics-yesterday'),('2','2','Classiques hier','','','','','<p>Donec tellus Nulla lorem Nullam elit id ut elit feugiat lacus. Congue eget dapibus congue tincidunt...</p>','<p>Donec tellus Nulla lorem Nullam elit id ut elit feugiat lacus. Congue eget dapibus congue tincidunt senectus nibh risus Phasellus tristique justo. Justo Pellentesque Donec lobortis faucibus Vestibulum Praesent mauris volutpat vitae metus. Ipsum cursus vestibulum at interdum Vivamus nunc fringilla Curabitur ac quis. Nam lacinia wisi tortor orci quis vitae. Donec tellus Nulla lorem Nullam elit id ut elit feugiat lacus. Congue eget dapibus congue tincidunt senectus nibh risus Phasellus tristique justo. Justo Pellentesque Donec lobortis faucibus Vestibulum Praesent mauris volutpat vitae metus. Ipsum cursus vestibulum at interdum Vivamus nunc fringilla Curabitur ac quis. Nam lacinia wisi tortor orci quis vitae. Donec tellus Nulla lorem Nullam elit id ut elit feugiat lacus. Congue eget dapibus congue tincidunt senectus nibh risus Phasellus tristique justo. Justo Pellentesque Donec lobortis faucibus Vestibulum Praesent mauris volutpat vitae metus. Ipsum cursus vestibulum at interdum Vivamus nunc fringilla Curabitur ac quis. Nam lacinia wisi tortor orci quis vitae.</p>
<p>Donec tellus Nulla lorem Nullam elit id ut elit feugiat lacus. Congue eget dapibus congue tincidunt senectus nibh risus Phasellus tristique justo. Justo Pellentesque Donec lobortis faucibus Vestibulum Praesent mauris volutpat vitae metus. Ipsum cursus vestibulum at interdum Vivamus nunc fringilla Curabitur ac quis. Nam lacinia wisi tortor orci quis vitae.Donec tellus Nulla lorem Nullam elit id ut elit feugiat lacus. Congue eget dapibus congue tincidunt senectus nibh risus Phasellus tristique justo. Justo Pellentesque Donec lobortis faucibus Vestibulum Praesent mauris volutpat vitae metus. Ipsum cursus vestibulum at interdum Vivamus nunc fringilla Curabitur ac quis. Nam lacinia wisi tortor orci quis vitae.Donec tellus Nulla lorem Nullam elit id ut elit feugiat lacus. Congue eget dapibus congue tincidunt senectus nibh risus Phasellus tristique justo. Justo Pellentesque Donec lobortis faucibus Vestibulum Praesent mauris volutpat vitae metus. Ipsum cursus vestibulum at interdum Vivamus nunc fringilla Curabitur ac quis. Nam lacinia wisi tortor orci quis vitae.</p>','','','classiques-hier'),('2','3','Klassiker von gestern','','','','','<p>Donec tellus Nulla lorem Nullam elit id ut elit feugiat lacus. Congue eget dapibus congue tincidunt...</p>','<p>Donec tellus Nulla lorem Nullam elit id ut elit feugiat lacus. Congue eget dapibus congue tincidunt senectus nibh risus Phasellus tristique justo. Justo Pellentesque Donec lobortis faucibus Vestibulum Praesent mauris volutpat vitae metus. Ipsum cursus vestibulum at interdum Vivamus nunc fringilla Curabitur ac quis. Nam lacinia wisi tortor orci quis vitae. Donec tellus Nulla lorem Nullam elit id ut elit feugiat lacus. Congue eget dapibus congue tincidunt senectus nibh risus Phasellus tristique justo. Justo Pellentesque Donec lobortis faucibus Vestibulum Praesent mauris volutpat vitae metus. Ipsum cursus vestibulum at interdum Vivamus nunc fringilla Curabitur ac quis. Nam lacinia wisi tortor orci quis vitae. Donec tellus Nulla lorem Nullam elit id ut elit feugiat lacus. Congue eget dapibus congue tincidunt senectus nibh risus Phasellus tristique justo. Justo Pellentesque Donec lobortis faucibus Vestibulum Praesent mauris volutpat vitae metus. Ipsum cursus vestibulum at interdum Vivamus nunc fringilla Curabitur ac quis. Nam lacinia wisi tortor orci quis vitae.</p>
<p>Donec tellus Nulla lorem Nullam elit id ut elit feugiat lacus. Congue eget dapibus congue tincidunt senectus nibh risus Phasellus tristique justo. Justo Pellentesque Donec lobortis faucibus Vestibulum Praesent mauris volutpat vitae metus. Ipsum cursus vestibulum at interdum Vivamus nunc fringilla Curabitur ac quis. Nam lacinia wisi tortor orci quis vitae.Donec tellus Nulla lorem Nullam elit id ut elit feugiat lacus. Congue eget dapibus congue tincidunt senectus nibh risus Phasellus tristique justo. Justo Pellentesque Donec lobortis faucibus Vestibulum Praesent mauris volutpat vitae metus. Ipsum cursus vestibulum at interdum Vivamus nunc fringilla Curabitur ac quis. Nam lacinia wisi tortor orci quis vitae.Donec tellus Nulla lorem Nullam elit id ut elit feugiat lacus. Congue eget dapibus congue tincidunt senectus nibh risus Phasellus tristique justo. Justo Pellentesque Donec lobortis faucibus Vestibulum Praesent mauris volutpat vitae metus. Ipsum cursus vestibulum at interdum Vivamus nunc fringilla Curabitur ac quis. Nam lacinia wisi tortor orci quis vitae.</p>','','','klassiker-von-gestern'),('2','4','Clásicos de ayer','','','','','<p>Donec tellus Nulla lorem Nullam elit id ut elit feugiat lacus. Congue eget dapibus congue tincidunt...</p>','<p>Donec tellus Nulla lorem Nullam elit id ut elit feugiat lacus. Congue eget dapibus congue tincidunt senectus nibh risus Phasellus tristique justo. Justo Pellentesque Donec lobortis faucibus Vestibulum Praesent mauris volutpat vitae metus. Ipsum cursus vestibulum at interdum Vivamus nunc fringilla Curabitur ac quis. Nam lacinia wisi tortor orci quis vitae. Donec tellus Nulla lorem Nullam elit id ut elit feugiat lacus. Congue eget dapibus congue tincidunt senectus nibh risus Phasellus tristique justo. Justo Pellentesque Donec lobortis faucibus Vestibulum Praesent mauris volutpat vitae metus. Ipsum cursus vestibulum at interdum Vivamus nunc fringilla Curabitur ac quis. Nam lacinia wisi tortor orci quis vitae. Donec tellus Nulla lorem Nullam elit id ut elit feugiat lacus. Congue eget dapibus congue tincidunt senectus nibh risus Phasellus tristique justo. Justo Pellentesque Donec lobortis faucibus Vestibulum Praesent mauris volutpat vitae metus. Ipsum cursus vestibulum at interdum Vivamus nunc fringilla Curabitur ac quis. Nam lacinia wisi tortor orci quis vitae.</p>
<p>Donec tellus Nulla lorem Nullam elit id ut elit feugiat lacus. Congue eget dapibus congue tincidunt senectus nibh risus Phasellus tristique justo. Justo Pellentesque Donec lobortis faucibus Vestibulum Praesent mauris volutpat vitae metus. Ipsum cursus vestibulum at interdum Vivamus nunc fringilla Curabitur ac quis. Nam lacinia wisi tortor orci quis vitae.Donec tellus Nulla lorem Nullam elit id ut elit feugiat lacus. Congue eget dapibus congue tincidunt senectus nibh risus Phasellus tristique justo. Justo Pellentesque Donec lobortis faucibus Vestibulum Praesent mauris volutpat vitae metus. Ipsum cursus vestibulum at interdum Vivamus nunc fringilla Curabitur ac quis. Nam lacinia wisi tortor orci quis vitae.Donec tellus Nulla lorem Nullam elit id ut elit feugiat lacus. Congue eget dapibus congue tincidunt senectus nibh risus Phasellus tristique justo. Justo Pellentesque Donec lobortis faucibus Vestibulum Praesent mauris volutpat vitae metus. Ipsum cursus vestibulum at interdum Vivamus nunc fringilla Curabitur ac quis. Nam lacinia wisi tortor orci quis vitae.</p>','','','ipsum-cursus-vestibulum-at-interdum-vivamus'),('3','1','Flexibility for the Work spaces','','','','','<p>Mi vitae magnis Fusce laoreet nibh felis porttitor laoreet Vestibulum faucibus. At Nulla id tincidunt ...</p>','<p><span style="background-color:#ffffff;">Mi vitae magnis Fusce laoreet nibh felis porttitor laoreet Vestibulum faucibus. At Nulla id tincidunt ut sed semper vel Lorem condimentum ornare. Laoreet Vestibulum lacinia massa a commodo habitasse velit Vestibulum tincidunt In. Turpis at eleifend mi elit Aenean porta ac sed faucibus. Nunc urna Morbi fringilla vitae orci convallis condimentum auctor sit dui. Urna pretium elit mauris cursus Curabitur at elit Vestibulum.</span></p>','','','flexibility-for-the-work-spaces'),('3','2','Flexibilité pour les espaces de travail','','','','','<p>Mi vitae magnis Fusce laoreet nibh felis porttitor laoreet Vestibulum faucibus. At Nulla id tincidunt ...</p>','<p><span style="background-color:#ffffff;">Mi vitae magnis Fusce laoreet nibh felis porttitor laoreet Vestibulum faucibus. At Nulla id tincidunt ut sed semper vel Lorem condimentum ornare. Laoreet Vestibulum lacinia massa a commodo habitasse velit Vestibulum tincidunt In. Turpis at eleifend mi elit Aenean porta ac sed faucibus. Nunc urna Morbi fringilla vitae orci convallis condimentum auctor sit dui. Urna pretium elit mauris cursus Curabitur at elit Vestibulum.</span></p>','','','flexibilite-pour-les-espaces-de-travail'),('3','3','Flexibilität für die Arbeitsbereiche','','','','','<p>Mi vitae magnis Fusce laoreet nibh felis porttitor laoreet Vestibulum faucibus. At Nulla id tincidunt ...</p>','<p><span style="background-color:#ffffff;">Mi vitae magnis Fusce laoreet nibh felis porttitor laoreet Vestibulum faucibus. At Nulla id tincidunt ut sed semper vel Lorem condimentum ornare. Laoreet Vestibulum lacinia massa a commodo habitasse velit Vestibulum tincidunt In. Turpis at eleifend mi elit Aenean porta ac sed faucibus. Nunc urna Morbi fringilla vitae orci convallis condimentum auctor sit dui. Urna pretium elit mauris cursus Curabitur at elit Vestibulum.</span></p>','','','flexibilitaet-fuer-die-arbeitsbereiche'),('3','4','Flexibilidad para los espacios de trabajo','','','','','<p>Mi vitae magnis Fusce laoreet nibh felis porttitor laoreet Vestibulum faucibus. At Nulla id tincidunt ...</p>','<p><span style="background-color:#ffffff;">Mi vitae magnis Fusce laoreet nibh felis porttitor laoreet Vestibulum faucibus. At Nulla id tincidunt ut sed semper vel Lorem condimentum ornare. Laoreet Vestibulum lacinia massa a commodo habitasse velit Vestibulum tincidunt In. Turpis at eleifend mi elit Aenean porta ac sed faucibus. Nunc urna Morbi fringilla vitae orci convallis condimentum auctor sit dui. Urna pretium elit mauris cursus Curabitur at elit Vestibulum.</span></p>','','','flexibilidad-para-los-espacios-de-trabajo'),('4','1','Post format quote blogs','','','','','<p>Mi vitae magnis Fusce laoreet nibh felis porttitor laoreet Vestibulum faucibus. At Nulla id tincidunt ...</p>','<p><span style="background-color:#ffffff;">Mi vitae magnis Fusce laoreet nibh felis porttitor laoreet Vestibulum faucibus. At Nulla id tincidunt ut sed semper vel Lorem condimentum ornare. Laoreet Vestibulum lacinia massa a commodo habitasse velit Vestibulum tincidunt In. Turpis at eleifend mi elit Aenean porta ac sed faucibus. Nunc urna Morbi fringilla vitae orci convallis condimentum auctor sit dui. Urna pretium elit mauris cursus Curabitur at elit Vestibulum. Mi vitae magnis Fusce laoreet nibh felis porttitor laoreet Vestibulum faucibus. At Nulla id tincidunt ut sed semper vel Lorem condimentum ornare. Laoreet Vestibulum lacinia massa a commodo habitasse velit Vestibulum tincidunt In. Turpis at eleifend mi elit Aenean porta ac sed faucibus. Nunc urna Morbi fringilla vitae orci convallis condimentum auctor sit dui. Urna pretium elit mauris cursus Curabitur at elit Vestibulum.</span></p>','','','post-format-quote-blogs'),('4','2','Blogs de citation de format de publication','','','','','<p>Mi vitae magnis Fusce laoreet nibh felis porttitor laoreet Vestibulum faucibus. At Nulla id tincidunt ...</p>','<p><span style="background-color:#ffffff;">Mi vitae magnis Fusce laoreet nibh felis porttitor laoreet Vestibulum faucibus. At Nulla id tincidunt ut sed semper vel Lorem condimentum ornare. Laoreet Vestibulum lacinia massa a commodo habitasse velit Vestibulum tincidunt In. Turpis at eleifend mi elit Aenean porta ac sed faucibus. Nunc urna Morbi fringilla vitae orci convallis condimentum auctor sit dui. Urna pretium elit mauris cursus Curabitur at elit Vestibulum. Mi vitae magnis Fusce laoreet nibh felis porttitor laoreet Vestibulum faucibus. At Nulla id tincidunt ut sed semper vel Lorem condimentum ornare. Laoreet Vestibulum lacinia massa a commodo habitasse velit Vestibulum tincidunt In. Turpis at eleifend mi elit Aenean porta ac sed faucibus. Nunc urna Morbi fringilla vitae orci convallis condimentum auctor sit dui. Urna pretium elit mauris cursus Curabitur at elit Vestibulum.</span></p>','','','blogs-de-citation-de-format-de-publication'),('4','3','Post Format Zitat Blogs','','','','','<p>Mi vitae magnis Fusce laoreet nibh felis porttitor laoreet Vestibulum faucibus. At Nulla id tincidunt ...</p>','<p><span style="background-color:#ffffff;">Mi vitae magnis Fusce laoreet nibh felis porttitor laoreet Vestibulum faucibus. At Nulla id tincidunt ut sed semper vel Lorem condimentum ornare. Laoreet Vestibulum lacinia massa a commodo habitasse velit Vestibulum tincidunt In. Turpis at eleifend mi elit Aenean porta ac sed faucibus. Nunc urna Morbi fringilla vitae orci convallis condimentum auctor sit dui. Urna pretium elit mauris cursus Curabitur at elit Vestibulum. Mi vitae magnis Fusce laoreet nibh felis porttitor laoreet Vestibulum faucibus. At Nulla id tincidunt ut sed semper vel Lorem condimentum ornare. Laoreet Vestibulum lacinia massa a commodo habitasse velit Vestibulum tincidunt In. Turpis at eleifend mi elit Aenean porta ac sed faucibus. Nunc urna Morbi fringilla vitae orci convallis condimentum auctor sit dui. Urna pretium elit mauris cursus Curabitur at elit Vestibulum.</span></p>','','','post-format-zitat-blogs'),('4','4','Blogs de cotización en formato de publicación','','','','','<p>Mi vitae magnis Fusce laoreet nibh felis porttitor laoreet Vestibulum faucibus. At Nulla id tincidunt ...</p>','<p><span style="background-color:#ffffff;">Mi vitae magnis Fusce laoreet nibh felis porttitor laoreet Vestibulum faucibus. At Nulla id tincidunt ut sed semper vel Lorem condimentum ornare. Laoreet Vestibulum lacinia massa a commodo habitasse velit Vestibulum tincidunt In. Turpis at eleifend mi elit Aenean porta ac sed faucibus. Nunc urna Morbi fringilla vitae orci convallis condimentum auctor sit dui. Urna pretium elit mauris cursus Curabitur at elit Vestibulum. Mi vitae magnis Fusce laoreet nibh felis porttitor laoreet Vestibulum faucibus. At Nulla id tincidunt ut sed semper vel Lorem condimentum ornare. Laoreet Vestibulum lacinia massa a commodo habitasse velit Vestibulum tincidunt In. Turpis at eleifend mi elit Aenean porta ac sed faucibus. Nunc urna Morbi fringilla vitae orci convallis condimentum auctor sit dui. Urna pretium elit mauris cursus Curabitur at elit Vestibulum.</span></p>','','','blogs-de-cotizacion-en-formato-de-publicacion'),('5','1','Post format video blogs','','','','','<p>Sed mauris Pellentesque elit Aliquam at lacus interdum nascetur elit ipsum. Enim ipsum hendrerit...</p>','<p>Odio ut pretium ligula quam Vestibulum consequat convallis fringilla Vestibulum nulla. Accumsan morbi tristique auctor. At risus pretium urna tortor metus fringilla interdum mauris tempor congue.</p>
<p>Commodo laoreet semper tincidunt lorem Vestibulum nunc at In Curabitur magna. Euismod euismod Suspendisse tortor ante adipiscing risus Aenean Lorem vitae id. Odio ut pretium ligula quam Vestibulum consequat convallis fringilla Vestibulum nulla. Accumsan morbi tristique auctor Aenean nulla lacinia Nullam elit vel vel. At risus pretium urna tortor metus fringilla interdum mauris tempor congue.</p>
<p>Donec tellus Nulla lorem Nullam elit id ut elit feugiat lacus. Congue eget dapibus congue tincidunt senectus nibh risus Phasellus tristique justo. Justo Pellentesque Donec lobortis faucibus Vestibulum Praesent mauris volutpat vitae metus. Ipsum cursus vestibulum at interdum Vivamus nunc fringilla Curabitur ac quis. Nam lacinia wisi tortor orci quis vitae.</p>
<p>Sed mauris Pellentesque elit Aliquam at lacus interdum nascetur elit ipsum. Enim ipsum hendrerit Suspendisse turpis laoreet fames tempus ligula pede ac. Et Lorem penatibus orci eu ultrices egestas Nam quam Vivamus nibh. Morbi condimentum molestie Nam enim odio sodales pretium eros sem pellentesque. Sit tellus Integer elit egestas lacus turpis id auctor nascetur ut. Ac elit vitae.</p>
<p>Mi vitae magnis Fusce laoreet nibh felis porttitor laoreet Vestibulum faucibus. At Nulla id tincidunt ut sed semper vel Lorem condimentum ornare. Laoreet Vestibulum lacinia massa a commodo habitasse velit Vestibulum tincidunt In. Turpis at eleifend mi elit Aenean porta ac sed faucibus. Nunc urna Morbi fringilla vitae orci convallis condimentum auctor sit dui. Urna pretium elit mauris cursus Curabitur at elit Vestibulum.</p>','','','post-format-video-blogs'),('5','2','Blogs vidéo en format post','','','','','<p>Sed mauris Pellentesque elit Aliquam at lacus interdum nascetur elit ipsum. Enim ipsum hendrerit...</p>','<p>Odio ut pretium ligula quam Vestibulum consequat convallis fringilla Vestibulum nulla. Accumsan morbi tristique auctor. At risus pretium urna tortor metus fringilla interdum mauris tempor congue.</p>
<p>Commodo laoreet semper tincidunt lorem Vestibulum nunc at In Curabitur magna. Euismod euismod Suspendisse tortor ante adipiscing risus Aenean Lorem vitae id. Odio ut pretium ligula quam Vestibulum consequat convallis fringilla Vestibulum nulla. Accumsan morbi tristique auctor Aenean nulla lacinia Nullam elit vel vel. At risus pretium urna tortor metus fringilla interdum mauris tempor congue.</p>
<p>Donec tellus Nulla lorem Nullam elit id ut elit feugiat lacus. Congue eget dapibus congue tincidunt senectus nibh risus Phasellus tristique justo. Justo Pellentesque Donec lobortis faucibus Vestibulum Praesent mauris volutpat vitae metus. Ipsum cursus vestibulum at interdum Vivamus nunc fringilla Curabitur ac quis. Nam lacinia wisi tortor orci quis vitae.</p>
<p>Sed mauris Pellentesque elit Aliquam at lacus interdum nascetur elit ipsum. Enim ipsum hendrerit Suspendisse turpis laoreet fames tempus ligula pede ac. Et Lorem penatibus orci eu ultrices egestas Nam quam Vivamus nibh. Morbi condimentum molestie Nam enim odio sodales pretium eros sem pellentesque. Sit tellus Integer elit egestas lacus turpis id auctor nascetur ut. Ac elit vitae.</p>
<p>Mi vitae magnis Fusce laoreet nibh felis porttitor laoreet Vestibulum faucibus. At Nulla id tincidunt ut sed semper vel Lorem condimentum ornare. Laoreet Vestibulum lacinia massa a commodo habitasse velit Vestibulum tincidunt In. Turpis at eleifend mi elit Aenean porta ac sed faucibus. Nunc urna Morbi fringilla vitae orci convallis condimentum auctor sit dui. Urna pretium elit mauris cursus Curabitur at elit Vestibulum.</p>','','','blogs-video-en-format-post'),('5','3','Videoblogs im Post-Format','','','','','<p>Sed mauris Pellentesque elit Aliquam at lacus interdum nascetur elit ipsum. Enim ipsum hendrerit...</p>','<p>Odio ut pretium ligula quam Vestibulum consequat convallis fringilla Vestibulum nulla. Accumsan morbi tristique auctor. At risus pretium urna tortor metus fringilla interdum mauris tempor congue.</p>
<p>Commodo laoreet semper tincidunt lorem Vestibulum nunc at In Curabitur magna. Euismod euismod Suspendisse tortor ante adipiscing risus Aenean Lorem vitae id. Odio ut pretium ligula quam Vestibulum consequat convallis fringilla Vestibulum nulla. Accumsan morbi tristique auctor Aenean nulla lacinia Nullam elit vel vel. At risus pretium urna tortor metus fringilla interdum mauris tempor congue.</p>
<p>Donec tellus Nulla lorem Nullam elit id ut elit feugiat lacus. Congue eget dapibus congue tincidunt senectus nibh risus Phasellus tristique justo. Justo Pellentesque Donec lobortis faucibus Vestibulum Praesent mauris volutpat vitae metus. Ipsum cursus vestibulum at interdum Vivamus nunc fringilla Curabitur ac quis. Nam lacinia wisi tortor orci quis vitae.</p>
<p>Sed mauris Pellentesque elit Aliquam at lacus interdum nascetur elit ipsum. Enim ipsum hendrerit Suspendisse turpis laoreet fames tempus ligula pede ac. Et Lorem penatibus orci eu ultrices egestas Nam quam Vivamus nibh. Morbi condimentum molestie Nam enim odio sodales pretium eros sem pellentesque. Sit tellus Integer elit egestas lacus turpis id auctor nascetur ut. Ac elit vitae.</p>
<p>Mi vitae magnis Fusce laoreet nibh felis porttitor laoreet Vestibulum faucibus. At Nulla id tincidunt ut sed semper vel Lorem condimentum ornare. Laoreet Vestibulum lacinia massa a commodo habitasse velit Vestibulum tincidunt In. Turpis at eleifend mi elit Aenean porta ac sed faucibus. Nunc urna Morbi fringilla vitae orci convallis condimentum auctor sit dui. Urna pretium elit mauris cursus Curabitur at elit Vestibulum.</p>','','','videoblogs-im-post-format'),('5','4','Blogs de video en formato de publicación','','','','','<p>Sed mauris Pellentesque elit Aliquam at lacus interdum nascetur elit ipsum. Enim ipsum hendrerit...</p>','<p>Odio ut pretium ligula quam Vestibulum consequat convallis fringilla Vestibulum nulla. Accumsan morbi tristique auctor. At risus pretium urna tortor metus fringilla interdum mauris tempor congue.</p>
<p>Commodo laoreet semper tincidunt lorem Vestibulum nunc at In Curabitur magna. Euismod euismod Suspendisse tortor ante adipiscing risus Aenean Lorem vitae id. Odio ut pretium ligula quam Vestibulum consequat convallis fringilla Vestibulum nulla. Accumsan morbi tristique auctor Aenean nulla lacinia Nullam elit vel vel. At risus pretium urna tortor metus fringilla interdum mauris tempor congue.</p>
<p>Donec tellus Nulla lorem Nullam elit id ut elit feugiat lacus. Congue eget dapibus congue tincidunt senectus nibh risus Phasellus tristique justo. Justo Pellentesque Donec lobortis faucibus Vestibulum Praesent mauris volutpat vitae metus. Ipsum cursus vestibulum at interdum Vivamus nunc fringilla Curabitur ac quis. Nam lacinia wisi tortor orci quis vitae.</p>
<p>Sed mauris Pellentesque elit Aliquam at lacus interdum nascetur elit ipsum. Enim ipsum hendrerit Suspendisse turpis laoreet fames tempus ligula pede ac. Et Lorem penatibus orci eu ultrices egestas Nam quam Vivamus nibh. Morbi condimentum molestie Nam enim odio sodales pretium eros sem pellentesque. Sit tellus Integer elit egestas lacus turpis id auctor nascetur ut. Ac elit vitae.</p>
<p>Mi vitae magnis Fusce laoreet nibh felis porttitor laoreet Vestibulum faucibus. At Nulla id tincidunt ut sed semper vel Lorem condimentum ornare. Laoreet Vestibulum lacinia massa a commodo habitasse velit Vestibulum tincidunt In. Turpis at eleifend mi elit Aenean porta ac sed faucibus. Nunc urna Morbi fringilla vitae orci convallis condimentum auctor sit dui. Urna pretium elit mauris cursus Curabitur at elit Vestibulum.</p>','','','blogs-de-video-en-formato-de-publicacion'),('6','1','Post format audio blogs','','','','','<p>Nunc aliquet, justo non commodo congue, velit sem pulvinar enim, ac bibendum mi mi...</p>','<p>Odio ut pretium ligula quam Vestibulum consequat convallis fringilla Vestibulum nulla. Accumsan morbi tristique auctor. At risus pretium urna tortor metus fringilla interdum mauris tempor congue.</p>
<p>Commodo laoreet semper tincidunt lorem Vestibulum nunc at In Curabitur magna. Euismod euismod Suspendisse tortor ante adipiscing risus Aenean Lorem vitae id. Odio ut pretium ligula quam Vestibulum consequat convallis fringilla Vestibulum nulla. Accumsan morbi tristique auctor Aenean nulla lacinia Nullam elit vel vel. At risus pretium urna tortor metus fringilla interdum mauris tempor congue.</p>
<p>Donec tellus Nulla lorem Nullam elit id ut elit feugiat lacus. Congue eget dapibus congue tincidunt senectus nibh risus Phasellus tristique justo. Justo Pellentesque Donec lobortis faucibus Vestibulum Praesent mauris volutpat vitae metus. Ipsum cursus vestibulum at interdum Vivamus nunc fringilla Curabitur ac quis. Nam lacinia wisi tortor orci quis vitae.</p>
<p>Sed mauris Pellentesque elit Aliquam at lacus interdum nascetur elit ipsum. Enim ipsum hendrerit Suspendisse turpis laoreet fames tempus ligula pede ac. Et Lorem penatibus orci eu ultrices egestas Nam quam Vivamus nibh. Morbi condimentum molestie Nam enim odio sodales pretium eros sem pellentesque. Sit tellus Integer elit egestas lacus turpis id auctor nascetur ut. Ac elit vitae.</p>
<p>Mi vitae magnis Fusce laoreet nibh felis porttitor laoreet Vestibulum faucibus. At Nulla id tincidunt ut sed semper vel Lorem condimentum ornare. Laoreet Vestibulum lacinia massa a commodo habitasse velit Vestibulum tincidunt In. Turpis at eleifend mi elit Aenean porta ac sed faucibus. Nunc urna Morbi fringilla vitae orci convallis condimentum auctor sit dui. Urna pretium elit mauris cursus Curabitur at elit Vestibulum.</p>','','','post-format-audio-blogs'),('6','2','Blogs audio au format de publication','','','','','<p>Nunc aliquet, justo non commodo congue, velit sem pulvinar enim, ac bibendum mi mi...</p>','<p>Odio ut pretium ligula quam Vestibulum consequat convallis fringilla Vestibulum nulla. Accumsan morbi tristique auctor. At risus pretium urna tortor metus fringilla interdum mauris tempor congue.</p>
<p>Commodo laoreet semper tincidunt lorem Vestibulum nunc at In Curabitur magna. Euismod euismod Suspendisse tortor ante adipiscing risus Aenean Lorem vitae id. Odio ut pretium ligula quam Vestibulum consequat convallis fringilla Vestibulum nulla. Accumsan morbi tristique auctor Aenean nulla lacinia Nullam elit vel vel. At risus pretium urna tortor metus fringilla interdum mauris tempor congue.</p>
<p>Donec tellus Nulla lorem Nullam elit id ut elit feugiat lacus. Congue eget dapibus congue tincidunt senectus nibh risus Phasellus tristique justo. Justo Pellentesque Donec lobortis faucibus Vestibulum Praesent mauris volutpat vitae metus. Ipsum cursus vestibulum at interdum Vivamus nunc fringilla Curabitur ac quis. Nam lacinia wisi tortor orci quis vitae.</p>
<p>Sed mauris Pellentesque elit Aliquam at lacus interdum nascetur elit ipsum. Enim ipsum hendrerit Suspendisse turpis laoreet fames tempus ligula pede ac. Et Lorem penatibus orci eu ultrices egestas Nam quam Vivamus nibh. Morbi condimentum molestie Nam enim odio sodales pretium eros sem pellentesque. Sit tellus Integer elit egestas lacus turpis id auctor nascetur ut. Ac elit vitae.</p>
<p>Mi vitae magnis Fusce laoreet nibh felis porttitor laoreet Vestibulum faucibus. At Nulla id tincidunt ut sed semper vel Lorem condimentum ornare. Laoreet Vestibulum lacinia massa a commodo habitasse velit Vestibulum tincidunt In. Turpis at eleifend mi elit Aenean porta ac sed faucibus. Nunc urna Morbi fringilla vitae orci convallis condimentum auctor sit dui. Urna pretium elit mauris cursus Curabitur at elit Vestibulum.</p>','','','blogs-audio-au-format-de-publication'),('6','3','Audio-Blogs im Post-Format','','','','','<p>Nunc aliquet, justo non commodo congue, velit sem pulvinar enim, ac bibendum mi mi...</p>','<p>Odio ut pretium ligula quam Vestibulum consequat convallis fringilla Vestibulum nulla. Accumsan morbi tristique auctor. At risus pretium urna tortor metus fringilla interdum mauris tempor congue.</p>
<p>Commodo laoreet semper tincidunt lorem Vestibulum nunc at In Curabitur magna. Euismod euismod Suspendisse tortor ante adipiscing risus Aenean Lorem vitae id. Odio ut pretium ligula quam Vestibulum consequat convallis fringilla Vestibulum nulla. Accumsan morbi tristique auctor Aenean nulla lacinia Nullam elit vel vel. At risus pretium urna tortor metus fringilla interdum mauris tempor congue.</p>
<p>Donec tellus Nulla lorem Nullam elit id ut elit feugiat lacus. Congue eget dapibus congue tincidunt senectus nibh risus Phasellus tristique justo. Justo Pellentesque Donec lobortis faucibus Vestibulum Praesent mauris volutpat vitae metus. Ipsum cursus vestibulum at interdum Vivamus nunc fringilla Curabitur ac quis. Nam lacinia wisi tortor orci quis vitae.</p>
<p>Sed mauris Pellentesque elit Aliquam at lacus interdum nascetur elit ipsum. Enim ipsum hendrerit Suspendisse turpis laoreet fames tempus ligula pede ac. Et Lorem penatibus orci eu ultrices egestas Nam quam Vivamus nibh. Morbi condimentum molestie Nam enim odio sodales pretium eros sem pellentesque. Sit tellus Integer elit egestas lacus turpis id auctor nascetur ut. Ac elit vitae.</p>
<p>Mi vitae magnis Fusce laoreet nibh felis porttitor laoreet Vestibulum faucibus. At Nulla id tincidunt ut sed semper vel Lorem condimentum ornare. Laoreet Vestibulum lacinia massa a commodo habitasse velit Vestibulum tincidunt In. Turpis at eleifend mi elit Aenean porta ac sed faucibus. Nunc urna Morbi fringilla vitae orci convallis condimentum auctor sit dui. Urna pretium elit mauris cursus Curabitur at elit Vestibulum.</p>','','','audio-blogs-im-post-format'),('6','4','Blogs de audio en formato de publicación','','','','','<p>Nunc aliquet, justo non commodo congue, velit sem pulvinar enim, ac bibendum mi mi...</p>','<p>Odio ut pretium ligula quam Vestibulum consequat convallis fringilla Vestibulum nulla. Accumsan morbi tristique auctor. At risus pretium urna tortor metus fringilla interdum mauris tempor congue.</p>
<p>Commodo laoreet semper tincidunt lorem Vestibulum nunc at In Curabitur magna. Euismod euismod Suspendisse tortor ante adipiscing risus Aenean Lorem vitae id. Odio ut pretium ligula quam Vestibulum consequat convallis fringilla Vestibulum nulla. Accumsan morbi tristique auctor Aenean nulla lacinia Nullam elit vel vel. At risus pretium urna tortor metus fringilla interdum mauris tempor congue.</p>
<p>Donec tellus Nulla lorem Nullam elit id ut elit feugiat lacus. Congue eget dapibus congue tincidunt senectus nibh risus Phasellus tristique justo. Justo Pellentesque Donec lobortis faucibus Vestibulum Praesent mauris volutpat vitae metus. Ipsum cursus vestibulum at interdum Vivamus nunc fringilla Curabitur ac quis. Nam lacinia wisi tortor orci quis vitae.</p>
<p>Sed mauris Pellentesque elit Aliquam at lacus interdum nascetur elit ipsum. Enim ipsum hendrerit Suspendisse turpis laoreet fames tempus ligula pede ac. Et Lorem penatibus orci eu ultrices egestas Nam quam Vivamus nibh. Morbi condimentum molestie Nam enim odio sodales pretium eros sem pellentesque. Sit tellus Integer elit egestas lacus turpis id auctor nascetur ut. Ac elit vitae.</p>
<p>Mi vitae magnis Fusce laoreet nibh felis porttitor laoreet Vestibulum faucibus. At Nulla id tincidunt ut sed semper vel Lorem condimentum ornare. Laoreet Vestibulum lacinia massa a commodo habitasse velit Vestibulum tincidunt In. Turpis at eleifend mi elit Aenean porta ac sed faucibus. Nunc urna Morbi fringilla vitae orci convallis condimentum auctor sit dui. Urna pretium elit mauris cursus Curabitur at elit Vestibulum.</p>','','','blogs-de-audio-en-formato-de-publicacion'),('7','1','A Beautiful Sunday Morning','','','','','<p>Suspendisse posuere, diam in bibendum lobortis, turpis ipsum aliquam risus, sit amet dictum ligula...</p>','<p>Sed ut perspiciatis unde omnis iste natus error sit voluptatem accusantium doloremque laudantium, totam rem aperiam, eaque ipsa quae ab illo inventore veritatis et quas.</p>
<p>Suspendisse posuere, diam in bibendum lobortis, turpis ipsum aliquam risus, sit amet dictum ligula lorem non nisl. Ut vitae nibh id massa vulputate euismod ut quis justo. Ut bibendum sem at massa lacinia, eget elementum ante consectetur. Nulla id pharetra dui, at rhoncus urna. Maecenas non porttitor purus. Nullam ullamcorper nisl quis ornare molestie.</p>
<p>Etiam eget erat est. Phasellus elit justo, mattis non lorem non, aliquam aliquam. Sed fermentum consectetur magna, eget semper ante. Aliquam scelerisque justo velit. Fusce cursus blandit dolor, in sodales urna vulputate lobortis. Nulla ut tellus turpis. Nullam lacus sem, volutpat id odio sed, cursus tristique eros. Duis at pellentesque magna. Donec magna nisi, vulputate ac nulla eu, ultricies tincidunt tellus. Nunc tincidunt sem urna, nec venenatis libero vehicula ut.</p>
<p>Vestibulum ante ipsum primis in faucibus orci luctus et ultrices posuere cubilia Curae; Curabitur faucibus aliquam pulvinar. Vivamus mattis volutpat erat, et congue nisi semper quis. Cras vehicula dignissim libero in elementum. Mauris sit amet dolor justo. Morbi consequat velit vel est fermentum euismod. Curabitur in magna augue.</p>','','','a-beautiful-sunday-morning'),('7','2','Un beau dimanche matin','','','','','<p>Suspendisse posuere, diam in bibendum lobortis, turpis ipsum aliquam risus, sit amet dictum ligula...</p>','<p>Sed ut perspiciatis unde omnis iste natus error sit voluptatem accusantium doloremque laudantium, totam rem aperiam, eaque ipsa quae ab illo inventore veritatis et quas.</p>
<p>Suspendisse posuere, diam in bibendum lobortis, turpis ipsum aliquam risus, sit amet dictum ligula lorem non nisl. Ut vitae nibh id massa vulputate euismod ut quis justo. Ut bibendum sem at massa lacinia, eget elementum ante consectetur. Nulla id pharetra dui, at rhoncus urna. Maecenas non porttitor purus. Nullam ullamcorper nisl quis ornare molestie.</p>
<p>Etiam eget erat est. Phasellus elit justo, mattis non lorem non, aliquam aliquam. Sed fermentum consectetur magna, eget semper ante. Aliquam scelerisque justo velit. Fusce cursus blandit dolor, in sodales urna vulputate lobortis. Nulla ut tellus turpis. Nullam lacus sem, volutpat id odio sed, cursus tristique eros. Duis at pellentesque magna. Donec magna nisi, vulputate ac nulla eu, ultricies tincidunt tellus. Nunc tincidunt sem urna, nec venenatis libero vehicula ut.</p>
<p>Vestibulum ante ipsum primis in faucibus orci luctus et ultrices posuere cubilia Curae; Curabitur faucibus aliquam pulvinar. Vivamus mattis volutpat erat, et congue nisi semper quis. Cras vehicula dignissim libero in elementum. Mauris sit amet dolor justo. Morbi consequat velit vel est fermentum euismod. Curabitur in magna augue.</p>','','','un-beau-dimanche-matin'),('7','3','Ein schöner Sonntagmorgen','','','','','<p>Suspendisse posuere, diam in bibendum lobortis, turpis ipsum aliquam risus, sit amet dictum ligula...</p>','<p>Sed ut perspiciatis unde omnis iste natus error sit voluptatem accusantium doloremque laudantium, totam rem aperiam, eaque ipsa quae ab illo inventore veritatis et quas.</p>
<p>Suspendisse posuere, diam in bibendum lobortis, turpis ipsum aliquam risus, sit amet dictum ligula lorem non nisl. Ut vitae nibh id massa vulputate euismod ut quis justo. Ut bibendum sem at massa lacinia, eget elementum ante consectetur. Nulla id pharetra dui, at rhoncus urna. Maecenas non porttitor purus. Nullam ullamcorper nisl quis ornare molestie.</p>
<p>Etiam eget erat est. Phasellus elit justo, mattis non lorem non, aliquam aliquam. Sed fermentum consectetur magna, eget semper ante. Aliquam scelerisque justo velit. Fusce cursus blandit dolor, in sodales urna vulputate lobortis. Nulla ut tellus turpis. Nullam lacus sem, volutpat id odio sed, cursus tristique eros. Duis at pellentesque magna. Donec magna nisi, vulputate ac nulla eu, ultricies tincidunt tellus. Nunc tincidunt sem urna, nec venenatis libero vehicula ut.</p>
<p>Vestibulum ante ipsum primis in faucibus orci luctus et ultrices posuere cubilia Curae; Curabitur faucibus aliquam pulvinar. Vivamus mattis volutpat erat, et congue nisi semper quis. Cras vehicula dignissim libero in elementum. Mauris sit amet dolor justo. Morbi consequat velit vel est fermentum euismod. Curabitur in magna augue.</p>','','','ein-schoener-sonntagmorgen'),('7','4','Un hermoso domingo por la mañana','','','','','<p>Suspendisse posuere, diam in bibendum lobortis, turpis ipsum aliquam risus, sit amet dictum ligula...</p>','<p>Sed ut perspiciatis unde omnis iste natus error sit voluptatem accusantium doloremque laudantium, totam rem aperiam, eaque ipsa quae ab illo inventore veritatis et quas.</p>
<p>Suspendisse posuere, diam in bibendum lobortis, turpis ipsum aliquam risus, sit amet dictum ligula lorem non nisl. Ut vitae nibh id massa vulputate euismod ut quis justo. Ut bibendum sem at massa lacinia, eget elementum ante consectetur. Nulla id pharetra dui, at rhoncus urna. Maecenas non porttitor purus. Nullam ullamcorper nisl quis ornare molestie.</p>
<p>Etiam eget erat est. Phasellus elit justo, mattis non lorem non, aliquam aliquam. Sed fermentum consectetur magna, eget semper ante. Aliquam scelerisque justo velit. Fusce cursus blandit dolor, in sodales urna vulputate lobortis. Nulla ut tellus turpis. Nullam lacus sem, volutpat id odio sed, cursus tristique eros. Duis at pellentesque magna. Donec magna nisi, vulputate ac nulla eu, ultricies tincidunt tellus. Nunc tincidunt sem urna, nec venenatis libero vehicula ut.</p>
<p>Vestibulum ante ipsum primis in faucibus orci luctus et ultrices posuere cubilia Curae; Curabitur faucibus aliquam pulvinar. Vivamus mattis volutpat erat, et congue nisi semper quis. Cras vehicula dignissim libero in elementum. Mauris sit amet dolor justo. Morbi consequat velit vel est fermentum euismod. Curabitur in magna augue.</p>','','','un-hermoso-domingo-por-la-manana'),('8','1','Traveling Solo Is Awesome','','','','','<p>Donec tellus Nulla lorem Nullam elit id ut elit feugiat lacus. Congue eget dapibus congue tincidunt...</p>','<p>Sed ut perspiciatis unde omnis iste natus error sit voluptatem accusantium doloremque laudantium, totam rem aperiam, eaque ipsa quae ab illo inventore veritatis et quas. Suspendisse posuere, diam in bibendum lobortis, turpis ipsum aliquam risus, sit amet dictum ligula lorem non nisl. Ut vitae nibh id massa vulputate euismod ut quis justo. Ut bibendum sem at massa lacinia, eget elementum ante consectetur. Nulla id pharetra dui, at rhoncus urna. Maecenas non porttitor purus. Nullam ullamcorper nisl quis ornare molestie. Etiam eget erat est. Phasellus elit justo, mattis non lorem non, aliquam aliquam. Sed fermentum consectetur magna, eget semper ante. Aliquam scelerisque justo velit. Fusce cursus blandit dolor, in sodales urna vulputate lobortis. Nulla ut tellus turpis. Nullam lacus sem, volutpat id odio sed, cursus tristique eros. Duis at pellentesque magna. Donec magna nisi, vulputate ac nulla eu, ultricies tincidunt tellus. Nunc tincidunt sem urna, nec venenatis libero vehicula ut. Vestibulum ante ipsum primis in faucibus orci luctus et ultrices posuere cubilia Curae; Curabitur faucibus aliquam pulvinar. Vivamus mattis volutpat erat, et congue nisi semper quis. Cras vehicula dignissim libero in elementum. Mauris sit amet dolor justo. Morbi consequat velit vel est fermentum euismod. Curabitur in magna augue.</p>','https://vimeo.com/67001156','','traveling-solo-is-awesome'),('8','2','Voyager en solo est génial','','','','','<p>Donec tellus Nulla lorem Nullam elit id ut elit feugiat lacus. Congue eget dapibus congue tincidunt...</p>','<p>Sed ut perspiciatis unde omnis iste natus error sit voluptatem accusantium doloremque laudantium, totam rem aperiam, eaque ipsa quae ab illo inventore veritatis et quas. Suspendisse posuere, diam in bibendum lobortis, turpis ipsum aliquam risus, sit amet dictum ligula lorem non nisl. Ut vitae nibh id massa vulputate euismod ut quis justo. Ut bibendum sem at massa lacinia, eget elementum ante consectetur. Nulla id pharetra dui, at rhoncus urna. Maecenas non porttitor purus. Nullam ullamcorper nisl quis ornare molestie. Etiam eget erat est. Phasellus elit justo, mattis non lorem non, aliquam aliquam. Sed fermentum consectetur magna, eget semper ante. Aliquam scelerisque justo velit. Fusce cursus blandit dolor, in sodales urna vulputate lobortis. Nulla ut tellus turpis. Nullam lacus sem, volutpat id odio sed, cursus tristique eros. Duis at pellentesque magna. Donec magna nisi, vulputate ac nulla eu, ultricies tincidunt tellus. Nunc tincidunt sem urna, nec venenatis libero vehicula ut. Vestibulum ante ipsum primis in faucibus orci luctus et ultrices posuere cubilia Curae; Curabitur faucibus aliquam pulvinar. Vivamus mattis volutpat erat, et congue nisi semper quis. Cras vehicula dignissim libero in elementum. Mauris sit amet dolor justo. Morbi consequat velit vel est fermentum euismod. Curabitur in magna augue.</p>','https://vimeo.com/67001156','','voyager-en-solo-est-genial'),('8','3','Allein zu reisen ist großartig','','','','','<p>Donec tellus Nulla lorem Nullam elit id ut elit feugiat lacus. Congue eget dapibus congue tincidunt...</p>','<p>Sed ut perspiciatis unde omnis iste natus error sit voluptatem accusantium doloremque laudantium, totam rem aperiam, eaque ipsa quae ab illo inventore veritatis et quas. Suspendisse posuere, diam in bibendum lobortis, turpis ipsum aliquam risus, sit amet dictum ligula lorem non nisl. Ut vitae nibh id massa vulputate euismod ut quis justo. Ut bibendum sem at massa lacinia, eget elementum ante consectetur. Nulla id pharetra dui, at rhoncus urna. Maecenas non porttitor purus. Nullam ullamcorper nisl quis ornare molestie. Etiam eget erat est. Phasellus elit justo, mattis non lorem non, aliquam aliquam. Sed fermentum consectetur magna, eget semper ante. Aliquam scelerisque justo velit. Fusce cursus blandit dolor, in sodales urna vulputate lobortis. Nulla ut tellus turpis. Nullam lacus sem, volutpat id odio sed, cursus tristique eros. Duis at pellentesque magna. Donec magna nisi, vulputate ac nulla eu, ultricies tincidunt tellus. Nunc tincidunt sem urna, nec venenatis libero vehicula ut. Vestibulum ante ipsum primis in faucibus orci luctus et ultrices posuere cubilia Curae; Curabitur faucibus aliquam pulvinar. Vivamus mattis volutpat erat, et congue nisi semper quis. Cras vehicula dignissim libero in elementum. Mauris sit amet dolor justo. Morbi consequat velit vel est fermentum euismod. Curabitur in magna augue.</p>','https://vimeo.com/67001156','','allein-zu-reisen-ist-grossartig'),('8','4','Viajar solo es increíble','','','','','<p>Donec tellus Nulla lorem Nullam elit id ut elit feugiat lacus. Congue eget dapibus congue tincidunt...</p>','<p>Sed ut perspiciatis unde omnis iste natus error sit voluptatem accusantium doloremque laudantium, totam rem aperiam, eaque ipsa quae ab illo inventore veritatis et quas. Suspendisse posuere, diam in bibendum lobortis, turpis ipsum aliquam risus, sit amet dictum ligula lorem non nisl. Ut vitae nibh id massa vulputate euismod ut quis justo. Ut bibendum sem at massa lacinia, eget elementum ante consectetur. Nulla id pharetra dui, at rhoncus urna. Maecenas non porttitor purus. Nullam ullamcorper nisl quis ornare molestie. Etiam eget erat est. Phasellus elit justo, mattis non lorem non, aliquam aliquam. Sed fermentum consectetur magna, eget semper ante. Aliquam scelerisque justo velit. Fusce cursus blandit dolor, in sodales urna vulputate lobortis. Nulla ut tellus turpis. Nullam lacus sem, volutpat id odio sed, cursus tristique eros. Duis at pellentesque magna. Donec magna nisi, vulputate ac nulla eu, ultricies tincidunt tellus. Nunc tincidunt sem urna, nec venenatis libero vehicula ut. Vestibulum ante ipsum primis in faucibus orci luctus et ultrices posuere cubilia Curae; Curabitur faucibus aliquam pulvinar. Vivamus mattis volutpat erat, et congue nisi semper quis. Cras vehicula dignissim libero in elementum. Mauris sit amet dolor justo. Morbi consequat velit vel est fermentum euismod. Curabitur in magna augue.</p>','https://vimeo.com/67001156','','viajar-solo-es-increible'),('9','1','Skin Whitening','','','','','<p>Class aptent taciti sociosqu ad litora torquent per conubia nostra, per inceptos himenaeos. Aenean scelerisque mauris mollis diam scelerisque sagittis. Etiam commodo, sapien eget convallis auctor, diam enim feugiat justo, mattis elementum risus nulla viverra neque.</p>','<blockquote>
<p>“In mattis scelerisque magna, ut tincidunt ex. Quisque nibh urna, pre in tristique in, bibendum sed libero. Pellent mauris nunc, pretium non erat non, finibus are tristique dui.”</p>
</blockquote>
<p>Donec condimentum orci elit, aliquam condimentum elit dictum vel. Sed ultrices, urna non mattis ultrices, purus neque facilisis nibh, in vulputate magna diam sit amet leo. Aliquam blandit pulvinar porta.</p>','','','skin-whitening'),('9','2','Blanchiment de la peau','','','','','<p>Class aptent taciti sociosqu ad litora torquent per conubia nostra, per inceptos himenaeos. Aenean scelerisque mauris mollis diam scelerisque sagittis. Etiam commodo, sapien eget convallis auctor, diam enim feugiat justo, mattis elementum risus nulla viverra neque.</p>','<blockquote>
<p>“In mattis scelerisque magna, ut tincidunt ex. Quisque nibh urna, pre in tristique in, bibendum sed libero. Pellent mauris nunc, pretium non erat non, finibus are tristique dui.”</p>
</blockquote>
<p>Donec condimentum orci elit, aliquam condimentum elit dictum vel. Sed ultrices, urna non mattis ultrices, purus neque facilisis nibh, in vulputate magna diam sit amet leo. Aliquam blandit pulvinar porta.</p>','','','blanchiment-de-la-peau'),('9','3','Hautaufhellung','','','','','<p>Class aptent taciti sociosqu ad litora torquent per conubia nostra, per inceptos himenaeos. Aenean scelerisque mauris mollis diam scelerisque sagittis. Etiam commodo, sapien eget convallis auctor, diam enim feugiat justo, mattis elementum risus nulla viverra neque.</p>','<blockquote>
<p>“In mattis scelerisque magna, ut tincidunt ex. Quisque nibh urna, pre in tristique in, bibendum sed libero. Pellent mauris nunc, pretium non erat non, finibus are tristique dui.”</p>
</blockquote>
<p>Donec condimentum orci elit, aliquam condimentum elit dictum vel. Sed ultrices, urna non mattis ultrices, purus neque facilisis nibh, in vulputate magna diam sit amet leo. Aliquam blandit pulvinar porta.</p>','','','hautaufhellung'),('9','4','Blanqueamiento de la piel','','','','','<p>Class aptent taciti sociosqu ad litora torquent per conubia nostra, per inceptos himenaeos. Aenean scelerisque mauris mollis diam scelerisque sagittis. Etiam commodo, sapien eget convallis auctor, diam enim feugiat justo, mattis elementum risus nulla viverra neque.</p>','<blockquote>
<p>“In mattis scelerisque magna, ut tincidunt ex. Quisque nibh urna, pre in tristique in, bibendum sed libero. Pellent mauris nunc, pretium non erat non, finibus are tristique dui.”</p>
</blockquote>
<p>Donec condimentum orci elit, aliquam condimentum elit dictum vel. Sed ultrices, urna non mattis ultrices, purus neque facilisis nibh, in vulputate magna diam sit amet leo. Aliquam blandit pulvinar porta.</p>','','','blanqueamiento-de-la-piel'),('10','1','Moisturize','','','','','<p>Class aptent taciti sociosqu ad litora torquent per conubia nostra, per inceptos himenaeos. Aenean scelerisque mauris mollis diam scelerisque sagittis. Etiam commodo, sapien eget convallis auctor, diam enim feugiat justo, mattis elementum risus nulla viverra neque.</p>','<blockquote>
<p>“In mattis scelerisque magna, ut tincidunt ex. Quisque nibh urna, pre in tristique in, bibendum sed libero. Pellent mauris nunc, pretium non erat non, finibus are tristique dui.”</p>
</blockquote>
<p>Donec condimentum orci elit, aliquam condimentum elit dictum vel. Sed ultrices, urna non mattis ultrices, purus neque facilisis nibh, in vulputate magna diam sit amet leo. Aliquam blandit pulvinar porta.</p>','','','moisturize'),('10','2','Hydrater','','','','','<p>Class aptent taciti sociosqu ad litora torquent per conubia nostra, per inceptos himenaeos. Aenean scelerisque mauris mollis diam scelerisque sagittis. Etiam commodo, sapien eget convallis auctor, diam enim feugiat justo, mattis elementum risus nulla viverra neque.</p>','<blockquote>
<p>“In mattis scelerisque magna, ut tincidunt ex. Quisque nibh urna, pre in tristique in, bibendum sed libero. Pellent mauris nunc, pretium non erat non, finibus are tristique dui.”</p>
</blockquote>
<p>Donec condimentum orci elit, aliquam condimentum elit dictum vel. Sed ultrices, urna non mattis ultrices, purus neque facilisis nibh, in vulputate magna diam sit amet leo. Aliquam blandit pulvinar porta.</p>','','','hydrater'),('10','3','Befeuchten','','','','','<p>Class aptent taciti sociosqu ad litora torquent per conubia nostra, per inceptos himenaeos. Aenean scelerisque mauris mollis diam scelerisque sagittis. Etiam commodo, sapien eget convallis auctor, diam enim feugiat justo, mattis elementum risus nulla viverra neque.</p>','<blockquote>
<p>“In mattis scelerisque magna, ut tincidunt ex. Quisque nibh urna, pre in tristique in, bibendum sed libero. Pellent mauris nunc, pretium non erat non, finibus are tristique dui.”</p>
</blockquote>
<p>Donec condimentum orci elit, aliquam condimentum elit dictum vel. Sed ultrices, urna non mattis ultrices, purus neque facilisis nibh, in vulputate magna diam sit amet leo. Aliquam blandit pulvinar porta.</p>','','','befeuchten'),('10','4','Hidratar','','','','','<p>Class aptent taciti sociosqu ad litora torquent per conubia nostra, per inceptos himenaeos. Aenean scelerisque mauris mollis diam scelerisque sagittis. Etiam commodo, sapien eget convallis auctor, diam enim feugiat justo, mattis elementum risus nulla viverra neque.</p>','<blockquote>
<p>“In mattis scelerisque magna, ut tincidunt ex. Quisque nibh urna, pre in tristique in, bibendum sed libero. Pellent mauris nunc, pretium non erat non, finibus are tristique dui.”</p>
</blockquote>
<p>Donec condimentum orci elit, aliquam condimentum elit dictum vel. Sed ultrices, urna non mattis ultrices, purus neque facilisis nibh, in vulputate magna diam sit amet leo. Aliquam blandit pulvinar porta.</p>','','','hidratar'),('11','1','Body','','','','','<p>Class aptent taciti sociosqu ad litora torquent per conubia nostra, per inceptos himenaeos. Aenean scelerisque mauris mollis diam scelerisque sagittis. Etiam commodo, sapien eget convallis auctor, diam enim feugiat justo, mattis elementum risus nulla viverra neque.</p>','<blockquote>
<p>“In mattis scelerisque magna, ut tincidunt ex. Quisque nibh urna, pre in tristique in, bibendum sed libero. Pellent mauris nunc, pretium non erat non, finibus are tristique dui.”</p>
</blockquote>
<p>Donec condimentum orci elit, aliquam condimentum elit dictum vel. Sed ultrices, urna non mattis ultrices, purus neque facilisis nibh, in vulputate magna diam sit amet leo. Aliquam blandit pulvinar porta.</p>','','','body'),('11','2','Corps','','','','','<p>Class aptent taciti sociosqu ad litora torquent per conubia nostra, per inceptos himenaeos. Aenean scelerisque mauris mollis diam scelerisque sagittis. Etiam commodo, sapien eget convallis auctor, diam enim feugiat justo, mattis elementum risus nulla viverra neque.</p>','<blockquote>
<p>“In mattis scelerisque magna, ut tincidunt ex. Quisque nibh urna, pre in tristique in, bibendum sed libero. Pellent mauris nunc, pretium non erat non, finibus are tristique dui.”</p>
</blockquote>
<p>Donec condimentum orci elit, aliquam condimentum elit dictum vel. Sed ultrices, urna non mattis ultrices, purus neque facilisis nibh, in vulputate magna diam sit amet leo. Aliquam blandit pulvinar porta.</p>','','','corps'),('11','3','Körper','','','','','<p>Class aptent taciti sociosqu ad litora torquent per conubia nostra, per inceptos himenaeos. Aenean scelerisque mauris mollis diam scelerisque sagittis. Etiam commodo, sapien eget convallis auctor, diam enim feugiat justo, mattis elementum risus nulla viverra neque.</p>','<blockquote>
<p>“In mattis scelerisque magna, ut tincidunt ex. Quisque nibh urna, pre in tristique in, bibendum sed libero. Pellent mauris nunc, pretium non erat non, finibus are tristique dui.”</p>
</blockquote>
<p>Donec condimentum orci elit, aliquam condimentum elit dictum vel. Sed ultrices, urna non mattis ultrices, purus neque facilisis nibh, in vulputate magna diam sit amet leo. Aliquam blandit pulvinar porta.</p>','','','koerper'),('11','4','Cuerpo','','','','','<p>Class aptent taciti sociosqu ad litora torquent per conubia nostra, per inceptos himenaeos. Aenean scelerisque mauris mollis diam scelerisque sagittis. Etiam commodo, sapien eget convallis auctor, diam enim feugiat justo, mattis elementum risus nulla viverra neque.</p>','<blockquote>
<p>“In mattis scelerisque magna, ut tincidunt ex. Quisque nibh urna, pre in tristique in, bibendum sed libero. Pellent mauris nunc, pretium non erat non, finibus are tristique dui.”</p>
</blockquote>
<p>Donec condimentum orci elit, aliquam condimentum elit dictum vel. Sed ultrices, urna non mattis ultrices, purus neque facilisis nibh, in vulputate magna diam sit amet leo. Aliquam blandit pulvinar porta.</p>','','','cuerpo'),('12','1','Foundation','','','','','<p>Class aptent taciti sociosqu ad litora torquent per conubia nostra, per inceptos himenaeos. Aenean scelerisque mauris mollis diam scelerisque sagittis. Etiam commodo, sapien eget convallis auctor, diam enim feugiat justo, mattis elementum risus nulla viverra neque.</p>','<blockquote>
<p>“In mattis scelerisque magna, ut tincidunt ex. Quisque nibh urna, pre in tristique in, bibendum sed libero. Pellent mauris nunc, pretium non erat non, finibus are tristique dui.”</p>
</blockquote>
<p>Donec condimentum orci elit, aliquam condimentum elit dictum vel. Sed ultrices, urna non mattis ultrices, purus neque facilisis nibh, in vulputate magna diam sit amet leo. Aliquam blandit pulvinar porta.</p>','','','foundation'),('12','2','Fondation','','','','','<p>Class aptent taciti sociosqu ad litora torquent per conubia nostra, per inceptos himenaeos. Aenean scelerisque mauris mollis diam scelerisque sagittis. Etiam commodo, sapien eget convallis auctor, diam enim feugiat justo, mattis elementum risus nulla viverra neque.</p>','<blockquote>
<p>“In mattis scelerisque magna, ut tincidunt ex. Quisque nibh urna, pre in tristique in, bibendum sed libero. Pellent mauris nunc, pretium non erat non, finibus are tristique dui.”</p>
</blockquote>
<p>Donec condimentum orci elit, aliquam condimentum elit dictum vel. Sed ultrices, urna non mattis ultrices, purus neque facilisis nibh, in vulputate magna diam sit amet leo. Aliquam blandit pulvinar porta.</p>','','','fondation'),('12','3','Stiftung','','','','','<p>Class aptent taciti sociosqu ad litora torquent per conubia nostra, per inceptos himenaeos. Aenean scelerisque mauris mollis diam scelerisque sagittis. Etiam commodo, sapien eget convallis auctor, diam enim feugiat justo, mattis elementum risus nulla viverra neque.</p>','<blockquote>
<p>“In mattis scelerisque magna, ut tincidunt ex. Quisque nibh urna, pre in tristique in, bibendum sed libero. Pellent mauris nunc, pretium non erat non, finibus are tristique dui.”</p>
</blockquote>
<p>Donec condimentum orci elit, aliquam condimentum elit dictum vel. Sed ultrices, urna non mattis ultrices, purus neque facilisis nibh, in vulputate magna diam sit amet leo. Aliquam blandit pulvinar porta.</p>','','','stiftung'),('12','4','Fundación','','','','','<p>Class aptent taciti sociosqu ad litora torquent per conubia nostra, per inceptos himenaeos. Aenean scelerisque mauris mollis diam scelerisque sagittis. Etiam commodo, sapien eget convallis auctor, diam enim feugiat justo, mattis elementum risus nulla viverra neque.</p>','<blockquote>
<p>“In mattis scelerisque magna, ut tincidunt ex. Quisque nibh urna, pre in tristique in, bibendum sed libero. Pellent mauris nunc, pretium non erat non, finibus are tristique dui.”</p>
</blockquote>
<p>Donec condimentum orci elit, aliquam condimentum elit dictum vel. Sed ultrices, urna non mattis ultrices, purus neque facilisis nibh, in vulputate magna diam sit amet leo. Aliquam blandit pulvinar porta.</p>','','','fundacion'),('13','1','Luxury','','','','','<p>Class aptent taciti sociosqu ad litora torquent per conubia nostra, per inceptos himenaeos. Aenean scelerisque mauris mollis diam scelerisque sagittis. Etiam commodo, sapien eget convallis auctor, diam enim feugiat justo, mattis elementum risus nulla viverra neque.</p>','<blockquote>
<p>“In mattis scelerisque magna, ut tincidunt ex. Quisque nibh urna, pre in tristique in, bibendum sed libero. Pellent mauris nunc, pretium non erat non, finibus are tristique dui.”</p>
</blockquote>
<p>Donec condimentum orci elit, aliquam condimentum elit dictum vel. Sed ultrices, urna non mattis ultrices, purus neque facilisis nibh, in vulputate magna diam sit amet leo. Aliquam blandit pulvinar porta.</p>','','','luxury'),('13','2','Luxe','','','','','<p>Class aptent taciti sociosqu ad litora torquent per conubia nostra, per inceptos himenaeos. Aenean scelerisque mauris mollis diam scelerisque sagittis. Etiam commodo, sapien eget convallis auctor, diam enim feugiat justo, mattis elementum risus nulla viverra neque.</p>','<blockquote>
<p>“In mattis scelerisque magna, ut tincidunt ex. Quisque nibh urna, pre in tristique in, bibendum sed libero. Pellent mauris nunc, pretium non erat non, finibus are tristique dui.”</p>
</blockquote>
<p>Donec condimentum orci elit, aliquam condimentum elit dictum vel. Sed ultrices, urna non mattis ultrices, purus neque facilisis nibh, in vulputate magna diam sit amet leo. Aliquam blandit pulvinar porta.</p>','','','luxe'),('13','3','Luxus','','','','','<p>Class aptent taciti sociosqu ad litora torquent per conubia nostra, per inceptos himenaeos. Aenean scelerisque mauris mollis diam scelerisque sagittis. Etiam commodo, sapien eget convallis auctor, diam enim feugiat justo, mattis elementum risus nulla viverra neque.</p>','<blockquote>
<p>“In mattis scelerisque magna, ut tincidunt ex. Quisque nibh urna, pre in tristique in, bibendum sed libero. Pellent mauris nunc, pretium non erat non, finibus are tristique dui.”</p>
</blockquote>
<p>Donec condimentum orci elit, aliquam condimentum elit dictum vel. Sed ultrices, urna non mattis ultrices, purus neque facilisis nibh, in vulputate magna diam sit amet leo. Aliquam blandit pulvinar porta.</p>','','','luxus'),('13','4','Lujo','','','','','<p>Class aptent taciti sociosqu ad litora torquent per conubia nostra, per inceptos himenaeos. Aenean scelerisque mauris mollis diam scelerisque sagittis. Etiam commodo, sapien eget convallis auctor, diam enim feugiat justo, mattis elementum risus nulla viverra neque.</p>','<blockquote>
<p>“In mattis scelerisque magna, ut tincidunt ex. Quisque nibh urna, pre in tristique in, bibendum sed libero. Pellent mauris nunc, pretium non erat non, finibus are tristique dui.”</p>
</blockquote>
<p>Donec condimentum orci elit, aliquam condimentum elit dictum vel. Sed ultrices, urna non mattis ultrices, purus neque facilisis nibh, in vulputate magna diam sit amet leo. Aliquam blandit pulvinar porta.</p>','','','lujo'),('14','1','Relaxing','','','','','<p>Class aptent taciti sociosqu ad litora torquent per conubia nostra, per inceptos himenaeos. Aenean scelerisque mauris mollis diam scelerisque sagittis. Etiam commodo, sapien eget convallis auctor, diam enim feugiat justo, mattis elementum risus nulla viverra neque.</p>','<blockquote>
<p>“In mattis scelerisque magna, ut tincidunt ex. Quisque nibh urna, pre in tristique in, bibendum sed libero. Pellent mauris nunc, pretium non erat non, finibus are tristique dui.”</p>
</blockquote>
<p>Donec condimentum orci elit, aliquam condimentum elit dictum vel. Sed ultrices, urna non mattis ultrices, purus neque facilisis nibh, in vulputate magna diam sit amet leo. Aliquam blandit pulvinar porta.</p>','','','relaxing'),('14','2','Relaxant','','','','','<p>Class aptent taciti sociosqu ad litora torquent per conubia nostra, per inceptos himenaeos. Aenean scelerisque mauris mollis diam scelerisque sagittis. Etiam commodo, sapien eget convallis auctor, diam enim feugiat justo, mattis elementum risus nulla viverra neque.</p>','<blockquote>
<p>“In mattis scelerisque magna, ut tincidunt ex. Quisque nibh urna, pre in tristique in, bibendum sed libero. Pellent mauris nunc, pretium non erat non, finibus are tristique dui.”</p>
</blockquote>
<p>Donec condimentum orci elit, aliquam condimentum elit dictum vel. Sed ultrices, urna non mattis ultrices, purus neque facilisis nibh, in vulputate magna diam sit amet leo. Aliquam blandit pulvinar porta.</p>','','','relaxant'),('14','3','Entspannen','','','','','<p>Class aptent taciti sociosqu ad litora torquent per conubia nostra, per inceptos himenaeos. Aenean scelerisque mauris mollis diam scelerisque sagittis. Etiam commodo, sapien eget convallis auctor, diam enim feugiat justo, mattis elementum risus nulla viverra neque.</p>','<blockquote>
<p>“In mattis scelerisque magna, ut tincidunt ex. Quisque nibh urna, pre in tristique in, bibendum sed libero. Pellent mauris nunc, pretium non erat non, finibus are tristique dui.”</p>
</blockquote>
<p>Donec condimentum orci elit, aliquam condimentum elit dictum vel. Sed ultrices, urna non mattis ultrices, purus neque facilisis nibh, in vulputate magna diam sit amet leo. Aliquam blandit pulvinar porta.</p>','','','entspannen'),('14','4','Relajante','','','','','<p>Class aptent taciti sociosqu ad litora torquent per conubia nostra, per inceptos himenaeos. Aenean scelerisque mauris mollis diam scelerisque sagittis. Etiam commodo, sapien eget convallis auctor, diam enim feugiat justo, mattis elementum risus nulla viverra neque.</p>','<blockquote>
<p>“In mattis scelerisque magna, ut tincidunt ex. Quisque nibh urna, pre in tristique in, bibendum sed libero. Pellent mauris nunc, pretium non erat non, finibus are tristique dui.”</p>
</blockquote>
<p>Donec condimentum orci elit, aliquam condimentum elit dictum vel. Sed ultrices, urna non mattis ultrices, purus neque facilisis nibh, in vulputate magna diam sit amet leo. Aliquam blandit pulvinar porta.</p>','','','relajante'),('15','1','Traveling Solo Is Awesome','','','','','<p>Class aptent taciti sociosqu ad litora torquent per conubia nostra, per inceptos himenaeos. Aenean scelerisque mauris mollis diam scelerisque sagittis. Etiam commodo, sapien eget convallis auctor, diam enim feugiat justo, mattis elementum risus nulla viverra neque.</p>','<blockquote>
<p>“In mattis scelerisque magna, ut tincidunt ex. Quisque nibh urna, pre in tristique in, bibendum sed libero. Pellent mauris nunc, pretium non erat non, finibus are tristique dui.”</p>
</blockquote>
<p>Donec condimentum orci elit, aliquam condimentum elit dictum vel. Sed ultrices, urna non mattis ultrices, purus neque facilisis nibh, in vulputate magna diam sit amet leo. Aliquam blandit pulvinar porta.</p>','','','traveling-solo-is-awesome'),('15','2','Voyager en solo est génial','','','','','<p>Class aptent taciti sociosqu ad litora torquent per conubia nostra, per inceptos himenaeos. Aenean scelerisque mauris mollis diam scelerisque sagittis. Etiam commodo, sapien eget convallis auctor, diam enim feugiat justo, mattis elementum risus nulla viverra neque.</p>','<blockquote>
<p>“In mattis scelerisque magna, ut tincidunt ex. Quisque nibh urna, pre in tristique in, bibendum sed libero. Pellent mauris nunc, pretium non erat non, finibus are tristique dui.”</p>
</blockquote>
<p>Donec condimentum orci elit, aliquam condimentum elit dictum vel. Sed ultrices, urna non mattis ultrices, purus neque facilisis nibh, in vulputate magna diam sit amet leo. Aliquam blandit pulvinar porta.</p>','','','voyager-en-solo-est-genial'),('15','3','Allein zu reisen ist großartig','','','','','<p>Class aptent taciti sociosqu ad litora torquent per conubia nostra, per inceptos himenaeos. Aenean scelerisque mauris mollis diam scelerisque sagittis. Etiam commodo, sapien eget convallis auctor, diam enim feugiat justo, mattis elementum risus nulla viverra neque.</p>','<blockquote>
<p>“In mattis scelerisque magna, ut tincidunt ex. Quisque nibh urna, pre in tristique in, bibendum sed libero. Pellent mauris nunc, pretium non erat non, finibus are tristique dui.”</p>
</blockquote>
<p>Donec condimentum orci elit, aliquam condimentum elit dictum vel. Sed ultrices, urna non mattis ultrices, purus neque facilisis nibh, in vulputate magna diam sit amet leo. Aliquam blandit pulvinar porta.</p>','','','allein-zu-reisen-ist-grossartig'),('15','4','Viajar solo es increíble','','','','','<p>Class aptent taciti sociosqu ad litora torquent per conubia nostra, per inceptos himenaeos. Aenean scelerisque mauris mollis diam scelerisque sagittis. Etiam commodo, sapien eget convallis auctor, diam enim feugiat justo, mattis elementum risus nulla viverra neque.</p>','<blockquote>
<p>“In mattis scelerisque magna, ut tincidunt ex. Quisque nibh urna, pre in tristique in, bibendum sed libero. Pellent mauris nunc, pretium non erat non, finibus are tristique dui.”</p>
</blockquote>
<p>Donec condimentum orci elit, aliquam condimentum elit dictum vel. Sed ultrices, urna non mattis ultrices, purus neque facilisis nibh, in vulputate magna diam sit amet leo. Aliquam blandit pulvinar porta.</p>','','','viajar-solo-es-increible'),('16','1','A Beautiful Sunday Morning','','','','','<p>Class aptent taciti sociosqu ad litora torquent per conubia nostra, per inceptos himenaeos. Aenean scelerisque mauris mollis diam scelerisque sagittis. Etiam commodo, sapien eget convallis auctor, diam enim feugiat justo, mattis elementum risus nulla viverra neque.</p>','<blockquote>
<p>“In mattis scelerisque magna, ut tincidunt ex. Quisque nibh urna, pre in tristique in, bibendum sed libero. Pellent mauris nunc, pretium non erat non, finibus are tristique dui.”</p>
</blockquote>
<p>Donec condimentum orci elit, aliquam condimentum elit dictum vel. Sed ultrices, urna non mattis ultrices, purus neque facilisis nibh, in vulputate magna diam sit amet leo. Aliquam blandit pulvinar porta.</p>','','','a-beautiful-sunday-morning'),('16','2','Un beau dimanche matin','','','','','<p>Class aptent taciti sociosqu ad litora torquent per conubia nostra, per inceptos himenaeos. Aenean scelerisque mauris mollis diam scelerisque sagittis. Etiam commodo, sapien eget convallis auctor, diam enim feugiat justo, mattis elementum risus nulla viverra neque.</p>','<blockquote>
<p>“In mattis scelerisque magna, ut tincidunt ex. Quisque nibh urna, pre in tristique in, bibendum sed libero. Pellent mauris nunc, pretium non erat non, finibus are tristique dui.”</p>
</blockquote>
<p>Donec condimentum orci elit, aliquam condimentum elit dictum vel. Sed ultrices, urna non mattis ultrices, purus neque facilisis nibh, in vulputate magna diam sit amet leo. Aliquam blandit pulvinar porta.</p>','','','un-beau-dimanche-matin'),('16','3','Ein schöner Sonntagmorgen','','','','','<p>Class aptent taciti sociosqu ad litora torquent per conubia nostra, per inceptos himenaeos. Aenean scelerisque mauris mollis diam scelerisque sagittis. Etiam commodo, sapien eget convallis auctor, diam enim feugiat justo, mattis elementum risus nulla viverra neque.</p>','<blockquote>
<p>“In mattis scelerisque magna, ut tincidunt ex. Quisque nibh urna, pre in tristique in, bibendum sed libero. Pellent mauris nunc, pretium non erat non, finibus are tristique dui.”</p>
</blockquote>
<p>Donec condimentum orci elit, aliquam condimentum elit dictum vel. Sed ultrices, urna non mattis ultrices, purus neque facilisis nibh, in vulputate magna diam sit amet leo. Aliquam blandit pulvinar porta.</p>','','','ein-schoener-sonntagmorgen'),('16','4','Un hermoso domingo por la mañana','','','','','<p>Class aptent taciti sociosqu ad litora torquent per conubia nostra, per inceptos himenaeos. Aenean scelerisque mauris mollis diam scelerisque sagittis. Etiam commodo, sapien eget convallis auctor, diam enim feugiat justo, mattis elementum risus nulla viverra neque.</p>','<blockquote>
<p>“In mattis scelerisque magna, ut tincidunt ex. Quisque nibh urna, pre in tristique in, bibendum sed libero. Pellent mauris nunc, pretium non erat non, finibus are tristique dui.”</p>
</blockquote>
<p>Donec condimentum orci elit, aliquam condimentum elit dictum vel. Sed ultrices, urna non mattis ultrices, purus neque facilisis nibh, in vulputate magna diam sit amet leo. Aliquam blandit pulvinar porta.</p>','','','un-hermoso-domingo-por-la-manana'),('17','1','Post format gallery blogs','','','','','<p>Class aptent taciti sociosqu ad litora torquent per conubia nostra, per inceptos himenaeos. Aenean scelerisque mauris mollis diam scelerisque sagittis. Etiam commodo, sapien eget convallis auctor, diam enim feugiat justo, mattis elementum risus nulla viverra neque.</p>','<blockquote>
<p>“In mattis scelerisque magna, ut tincidunt ex. Quisque nibh urna, pre in tristique in, bibendum sed libero. Pellent mauris nunc, pretium non erat non, finibus are tristique dui.”</p>
</blockquote>
<p>Donec condimentum orci elit, aliquam condimentum elit dictum vel. Sed ultrices, urna non mattis ultrices, purus neque facilisis nibh, in vulputate magna diam sit amet leo. Aliquam blandit pulvinar porta.</p>','','','post-format-gallery-blogs'),('17','2','Blogues de galerie de format de publication','','','','','<p>Class aptent taciti sociosqu ad litora torquent per conubia nostra, per inceptos himenaeos. Aenean scelerisque mauris mollis diam scelerisque sagittis. Etiam commodo, sapien eget convallis auctor, diam enim feugiat justo, mattis elementum risus nulla viverra neque.</p>','<blockquote>
<p>“In mattis scelerisque magna, ut tincidunt ex. Quisque nibh urna, pre in tristique in, bibendum sed libero. Pellent mauris nunc, pretium non erat non, finibus are tristique dui.”</p>
</blockquote>
<p>Donec condimentum orci elit, aliquam condimentum elit dictum vel. Sed ultrices, urna non mattis ultrices, purus neque facilisis nibh, in vulputate magna diam sit amet leo. Aliquam blandit pulvinar porta.</p>','','','blogues-de-galerie-de-format-de-publication'),('17','3','Galerie-Blogs im Post-Format','','','','','<p>Class aptent taciti sociosqu ad litora torquent per conubia nostra, per inceptos himenaeos. Aenean scelerisque mauris mollis diam scelerisque sagittis. Etiam commodo, sapien eget convallis auctor, diam enim feugiat justo, mattis elementum risus nulla viverra neque.</p>','<blockquote>
<p>“In mattis scelerisque magna, ut tincidunt ex. Quisque nibh urna, pre in tristique in, bibendum sed libero. Pellent mauris nunc, pretium non erat non, finibus are tristique dui.”</p>
</blockquote>
<p>Donec condimentum orci elit, aliquam condimentum elit dictum vel. Sed ultrices, urna non mattis ultrices, purus neque facilisis nibh, in vulputate magna diam sit amet leo. Aliquam blandit pulvinar porta.</p>','','','galerie-blogs-im-post-format'),('17','4','Blogs de galería de formato de publicación','','','','','<p>Class aptent taciti sociosqu ad litora torquent per conubia nostra, per inceptos himenaeos. Aenean scelerisque mauris mollis diam scelerisque sagittis. Etiam commodo, sapien eget convallis auctor, diam enim feugiat justo, mattis elementum risus nulla viverra neque.</p>','<blockquote>
<p>“In mattis scelerisque magna, ut tincidunt ex. Quisque nibh urna, pre in tristique in, bibendum sed libero. Pellent mauris nunc, pretium non erat non, finibus are tristique dui.”</p>
</blockquote>
<p>Donec condimentum orci elit, aliquam condimentum elit dictum vel. Sed ultrices, urna non mattis ultrices, purus neque facilisis nibh, in vulputate magna diam sit amet leo. Aliquam blandit pulvinar porta.</p>','','','blogs-de-galeria-de-formato-de-publicacion'),('18','1','Post format audio blogs','','','','','<p>Class aptent taciti sociosqu ad litora torquent per conubia nostra, per inceptos himenaeos. Aenean scelerisque mauris mollis diam scelerisque sagittis. Etiam commodo, sapien eget convallis auctor, diam enim feugiat justo, mattis elementum risus nulla viverra neque.</p>','<blockquote>
<p>“In mattis scelerisque magna, ut tincidunt ex. Quisque nibh urna, pre in tristique in, bibendum sed libero. Pellent mauris nunc, pretium non erat non, finibus are tristique dui.”</p>
</blockquote>
<p>Donec condimentum orci elit, aliquam condimentum elit dictum vel. Sed ultrices, urna non mattis ultrices, purus neque facilisis nibh, in vulputate magna diam sit amet leo. Aliquam blandit pulvinar porta.</p>','','','post-format-audio-blogs'),('18','2','Blogs audio au format de publication','','','','','<p>Class aptent taciti sociosqu ad litora torquent per conubia nostra, per inceptos himenaeos. Aenean scelerisque mauris mollis diam scelerisque sagittis. Etiam commodo, sapien eget convallis auctor, diam enim feugiat justo, mattis elementum risus nulla viverra neque.</p>','<blockquote>
<p>“In mattis scelerisque magna, ut tincidunt ex. Quisque nibh urna, pre in tristique in, bibendum sed libero. Pellent mauris nunc, pretium non erat non, finibus are tristique dui.”</p>
</blockquote>
<p>Donec condimentum orci elit, aliquam condimentum elit dictum vel. Sed ultrices, urna non mattis ultrices, purus neque facilisis nibh, in vulputate magna diam sit amet leo. Aliquam blandit pulvinar porta.</p>','','','blogs-audio-au-format-de-publication'),('18','3','Audio-Blogs im Post-Format','','','','','<p>Class aptent taciti sociosqu ad litora torquent per conubia nostra, per inceptos himenaeos. Aenean scelerisque mauris mollis diam scelerisque sagittis. Etiam commodo, sapien eget convallis auctor, diam enim feugiat justo, mattis elementum risus nulla viverra neque.</p>','<blockquote>
<p>“In mattis scelerisque magna, ut tincidunt ex. Quisque nibh urna, pre in tristique in, bibendum sed libero. Pellent mauris nunc, pretium non erat non, finibus are tristique dui.”</p>
</blockquote>
<p>Donec condimentum orci elit, aliquam condimentum elit dictum vel. Sed ultrices, urna non mattis ultrices, purus neque facilisis nibh, in vulputate magna diam sit amet leo. Aliquam blandit pulvinar porta.</p>','','','audio-blogs-im-post-format'),('18','4','Blogs de audio en formato de publicación','','','','','<p>Class aptent taciti sociosqu ad litora torquent per conubia nostra, per inceptos himenaeos. Aenean scelerisque mauris mollis diam scelerisque sagittis. Etiam commodo, sapien eget convallis auctor, diam enim feugiat justo, mattis elementum risus nulla viverra neque.</p>','<blockquote>
<p>“In mattis scelerisque magna, ut tincidunt ex. Quisque nibh urna, pre in tristique in, bibendum sed libero. Pellent mauris nunc, pretium non erat non, finibus are tristique dui.”</p>
</blockquote>
<p>Donec condimentum orci elit, aliquam condimentum elit dictum vel. Sed ultrices, urna non mattis ultrices, purus neque facilisis nibh, in vulputate magna diam sit amet leo. Aliquam blandit pulvinar porta.</p>','','','blogs-de-audio-en-formato-de-publicacion');
INSERT INTO `PREFIXrbblog_post_shop`(`id_rbblog_post`,`id_shop`) VALUES ('1','1'),('2','1'),('3','1'),('4','1'),('5','1'),('6','1'),('7','1'),('8','1'),('9','1'),('10','1'),('11','1'),('12','1'),('13','1'),('14','1'),('15','1'),('16','1'),('17','1'),('18','1');
INSERT INTO `PREFIXrbblog_post_image`(`id_rbblog_post_image`,`id_rbblog_post`,`position`,`image`) VALUES ('1','8','1','1-8-1');
INSERT INTO `PREFIXrbblog_category`(`id_rbblog_category`,`cover`,`position`,`id_parent`,`active`,`date_add`,`date_upd`) VALUES ('1','jpg','1','0','1','2019-11-28 09:38:10','2020-11-03 22:35:17'),('2','jpg','1','1','1','2019-11-28 09:39:04','2020-11-03 22:38:13'),('3','','2','0','1','2021-01-08 13:30:14','2021-01-08 13:36:03'),('4','','3','0','1','2021-01-08 13:55:15','2021-01-08 13:55:16');
INSERT INTO `PREFIXrbblog_category_lang`(`id_rbblog_category`,`id_lang`,`name`,`description`,`link_rewrite`,`meta_title`,`meta_keywords`,`canonical`,`meta_description`) VALUES ('1','1','Makeup Powder','<p>Odio ut pretium ligula quam Vestibulum consequat convallis fringilla Vestibulum nulla. Accumsan morbi tristique auctor. At risus pretium urna tortor metus fringilla interdum mauris tempor congue</p>','makeup-powder','Makeup Powder','','',''),('1','2','Furniture','<p>Odio ut pretium ligula quam Vestibulum consequat convallis fringilla Vestibulum nulla. Accumsan morbi tristique auctor. At risus pretium urna tortor metus fringilla interdum mauris tempor congue</p>','furniture','furniture','','',''),('1','3','Furniture','<p>Odio ut pretium ligula quam Vestibulum consequat convallis fringilla Vestibulum nulla. Accumsan morbi tristique auctor. At risus pretium urna tortor metus fringilla interdum mauris tempor congue</p>','furniture','furniture','','',''),('1','4','Furniture','<p>Odio ut pretium ligula quam Vestibulum consequat convallis fringilla Vestibulum nulla. Accumsan morbi tristique auctor. At risus pretium urna tortor metus fringilla interdum mauris tempor congue</p>','furniture','furniture','','',''),('2','1','Beauty','<p><span style="background-color:#ffffff;">Odio ut pretium ligula quam Vestibulum consequat convallis fringilla Vestibulum nulla. Accumsan morbi tristique auctor. At risus pretium urna tortor metus fringilla interdum mauris tempor congue</span></p>','beauty','Beauty','','',''),('2','2','Chairs','<p><span style="background-color:#ffffff;">Odio ut pretium ligula quam Vestibulum consequat convallis fringilla Vestibulum nulla. Accumsan morbi tristique auctor. At risus pretium urna tortor metus fringilla interdum mauris tempor congue</span></p>','chairs','','','',''),('2','3','Chairs','<p><span style="background-color:#ffffff;">Odio ut pretium ligula quam Vestibulum consequat convallis fringilla Vestibulum nulla. Accumsan morbi tristique auctor. At risus pretium urna tortor metus fringilla interdum mauris tempor congue</span></p>','chairs','','','',''),('2','4','Chairs','<p><span style="background-color:#ffffff;">Odio ut pretium ligula quam Vestibulum consequat convallis fringilla Vestibulum nulla. Accumsan morbi tristique auctor. At risus pretium urna tortor metus fringilla interdum mauris tempor congue</span></p>','chairs','','','',''),('3','1','Cosmetics','<p>Odio ut pretium ligula quam Vestibulum consequat convallis fringilla Vestibulum nulla. Accumsan morbi tristique auctor. At risus pretium urna tortor metus fringilla interdum mauris tempor congue</p>','cosmetics','','','',''),('3','2','Cosmetics','<p>Odio ut pretium ligula quam Vestibulum consequat convallis fringilla Vestibulum nulla. Accumsan morbi tristique auctor. At risus pretium urna tortor metus fringilla interdum mauris tempor congue</p>','cosmetics','','','',''),('3','3','Cosmetics','<p>Odio ut pretium ligula quam Vestibulum consequat convallis fringilla Vestibulum nulla. Accumsan morbi tristique auctor. At risus pretium urna tortor metus fringilla interdum mauris tempor congue</p>','cosmetics','','','',''),('3','4','Cosmetics','<p>Odio ut pretium ligula quam Vestibulum consequat convallis fringilla Vestibulum nulla. Accumsan morbi tristique auctor. At risus pretium urna tortor metus fringilla interdum mauris tempor congue</p>','cosmetics','','','',''),('4','1','Life Style','','life-style','','','',''),('4','2','Life Style','','life-style','','','',''),('4','3','Life Style','','life-style','','','',''),('4','4','Life Style','','life-style','','','','');
INSERT INTO `PREFIXrbblog_category_shop`(`id_rbblog_category`,`id_shop`) VALUES ('1','1'),('2','1'),('3','1'),('4','1');
INSERT INTO `PREFIXrbblog_tag`(`id_rbblog_tag`,`id_lang`,`name`) VALUES ('1','1','furniture'),('2','1','chair'),('3','1','decor'),('4','1','makeup'),('5','1','cosmetics'),('6','1','beautiful'),('7','1','make up'),('8','1','ear care'),('9','1','beauty'),('10','1','baby needs'),('11','1','for women'),('12','1','for men'),('13','1','for kids'),('14','1','organic'),('15','1','girls'),('16','1','men');
INSERT INTO `PREFIXrbblog_post_tag`(`id_rbblog_post`,`id_rbblog_tag`) VALUES ('1','5'),('1','6'),('1','7'),('1','8'),('2','4'),('2','5'),('2','6'),('3','5'),('3','6'),('3','14'),('3','15'),('3','16'),('5','5'),('5','8'),('5','9'),('5','14'),('6','9'),('6','10'),('6','13'),('7','6'),('7','12'),('8','5'),('8','9'),('8','10'),('8','11');
