INSERT INTO `PREFIXrbblog_post`(`id_rbblog_post`,`id_rbblog_category`,`id_rbblog_post_type`,`id_rbblog_author`,`author`,`likes`,`views`,`allow_comments`,`is_featured`,`access`,`cover`,`featured`,`id_product`,`active`,`date_add`,`date_upd`) VALUES ('1','1','1','0','Rubiktheme','0','28','1','1','a:3:{i:1;b:1;i:2;b:1;i:3;b:1;}','jpg','jpg','','1','2019-11-28 09:43:01','2021-01-03 23:27:06'),('2','2','1','0','Rubiktheme','0','1','3','1','a:3:{i:1;b:1;i:2;b:1;i:3;b:1;}','jpg','jpg','','1','2019-11-28 10:59:32','2021-01-03 23:28:47'),('3','1','1','0','Rubiktheme','0','19','3','1','a:3:{i:1;b:1;i:2;b:1;i:3;b:1;}','jpg','jpg','','1','2019-11-28 11:05:10','2021-01-03 23:29:42'),('4','1','1','0','Rubiktheme','0','0','3','1','a:3:{i:1;b:1;i:2;b:1;i:3;b:1;}','jpg','jpg','','1','2019-11-28 11:09:22','2021-01-03 23:32:04'),('5','1','1','0','Rubiktheme','0','1','3','1','a:3:{i:1;b:1;i:2;b:1;i:3;b:1;}','jpg','jpg','','1','2019-11-28 11:15:39','2021-01-03 23:34:21'),('6','1','1','0','Rubiktheme','0','1','3','1','a:3:{i:1;b:1;i:2;b:1;i:3;b:1;}','jpg','jpg','','1','2019-11-28 11:19:52','2021-01-03 23:34:51'),('7','1','1','0','Rubiktheme','0','23','3','1','a:3:{i:1;b:1;i:2;b:1;i:3;b:1;}','jpg','jpg','','1','2019-11-28 11:21:27','2021-01-03 23:35:52'),('8','2','1','0','Rubiktheme','0','0','3','1','a:3:{i:1;b:1;i:2;b:1;i:3;b:1;}','jpg','jpg','','1','2020-04-18 23:00:53','2021-01-03 23:36:24');
INSERT INTO `PREFIXrbblog_post_lang`(`id_rbblog_post`,`id_lang`,`title`,`meta_title`,`meta_description`,`meta_keywords`,`canonical`,`short_content`,`content`,`video_code`,`external_url`,`link_rewrite`) VALUES ('1','1','At risus pretium urna tortor metus fringilla','','','','','<p><span>Odio ut pretium ligula quam Vestibulum consequat convallis fringilla Vestibulum nulla. Accumsan morbi tristique auctor. At risus pretium urna tortor metus fringilla interdum mauris tempor congue</span></p>','<p>Odio ut pretium ligula quam Vestibulum consequat convallis fringilla Vestibulum nulla. Accumsan morbi tristique auctor. At risus pretium urna tortor metus fringilla interdum mauris tempor congue Odio ut pretium ligula quam Vestibulum consequat convallis fringilla Vestibulum nulla. Accumsan morbi tristique auctor. At risus pretium urna tortor metus fringilla interdum mauris tempor congue Odio ut pretium ligula quam Vestibulum consequat convallis fringilla Vestibulum nulla. Accumsan morbi tristique auctor. At risus pretium urna tortor metus fringilla interdum mauris tempor congue</p>
<p></p>
<p>Odio ut pretium ligula quam Vestibulum consequat convallis fringilla Vestibulum nulla. Accumsan morbi tristique auctor. At risus pretium urna tortor metus fringilla interdum mauris tempor congue</p>
<p></p>
<p>Odio ut pretium ligula quam Vestibulum consequat convallis fringilla Vestibulum nulla. Accumsan morbi tristique auctor. At risus pretium urna tortor metus fringilla interdum mauris tempor congue Odio ut pretium ligula quam Vestibulum consequat convallis fringilla Vestibulum nulla. Accumsan morbi tristique auctor. At risus pretium urna tortor metus fringilla interdum mauris tempor congue</p>
<p></p>
<p>Odio ut pretium ligula quam Vestibulum consequat convallis fringilla Vestibulum nulla. Accumsan morbi tristique auctor. At risus pretium urna tortor metus fringilla interdum mauris tempor congue Odio ut pretium ligula quam Vestibulum consequat convallis fringilla Vestibulum nulla. Accumsan morbi tristique auctor. At risus pretium urna tortor metus fringilla interdum mauris tempor congue</p>','','','at-risus-pretium-urna-tortor-metus-fringilla'),('1','2','At risus pretium urna tortor metus fringilla','','','','','<p><span>Odio ut pretium ligula quam Vestibulum consequat convallis fringilla Vestibulum nulla. Accumsan morbi tristique auctor. At risus pretium urna tortor metus fringilla interdum mauris tempor congue</span></p>','<p>Odio ut pretium ligula quam Vestibulum consequat convallis fringilla Vestibulum nulla. Accumsan morbi tristique auctor. At risus pretium urna tortor metus fringilla interdum mauris tempor congue Odio ut pretium ligula quam Vestibulum consequat convallis fringilla Vestibulum nulla. Accumsan morbi tristique auctor. At risus pretium urna tortor metus fringilla interdum mauris tempor congue Odio ut pretium ligula quam Vestibulum consequat convallis fringilla Vestibulum nulla. Accumsan morbi tristique auctor. At risus pretium urna tortor metus fringilla interdum mauris tempor congue</p>
<p></p>
<p>Odio ut pretium ligula quam Vestibulum consequat convallis fringilla Vestibulum nulla. Accumsan morbi tristique auctor. At risus pretium urna tortor metus fringilla interdum mauris tempor congue</p>
<p></p>
<p>Odio ut pretium ligula quam Vestibulum consequat convallis fringilla Vestibulum nulla. Accumsan morbi tristique auctor. At risus pretium urna tortor metus fringilla interdum mauris tempor congue Odio ut pretium ligula quam Vestibulum consequat convallis fringilla Vestibulum nulla. Accumsan morbi tristique auctor. At risus pretium urna tortor metus fringilla interdum mauris tempor congue</p>
<p></p>
<p>Odio ut pretium ligula quam Vestibulum consequat convallis fringilla Vestibulum nulla. Accumsan morbi tristique auctor. At risus pretium urna tortor metus fringilla interdum mauris tempor congue Odio ut pretium ligula quam Vestibulum consequat convallis fringilla Vestibulum nulla. Accumsan morbi tristique auctor. At risus pretium urna tortor metus fringilla interdum mauris tempor congue</p>','','','at-risus-pretium-urna-tortor-metus-fringilla'),('1','3','At risus pretium urna tortor metus fringilla','','','','','<p><span>Odio ut pretium ligula quam Vestibulum consequat convallis fringilla Vestibulum nulla. Accumsan morbi tristique auctor. At risus pretium urna tortor metus fringilla interdum mauris tempor congue</span></p>','<p>Odio ut pretium ligula quam Vestibulum consequat convallis fringilla Vestibulum nulla. Accumsan morbi tristique auctor. At risus pretium urna tortor metus fringilla interdum mauris tempor congue Odio ut pretium ligula quam Vestibulum consequat convallis fringilla Vestibulum nulla. Accumsan morbi tristique auctor. At risus pretium urna tortor metus fringilla interdum mauris tempor congue Odio ut pretium ligula quam Vestibulum consequat convallis fringilla Vestibulum nulla. Accumsan morbi tristique auctor. At risus pretium urna tortor metus fringilla interdum mauris tempor congue</p>
<p></p>
<p>Odio ut pretium ligula quam Vestibulum consequat convallis fringilla Vestibulum nulla. Accumsan morbi tristique auctor. At risus pretium urna tortor metus fringilla interdum mauris tempor congue</p>
<p></p>
<p>Odio ut pretium ligula quam Vestibulum consequat convallis fringilla Vestibulum nulla. Accumsan morbi tristique auctor. At risus pretium urna tortor metus fringilla interdum mauris tempor congue Odio ut pretium ligula quam Vestibulum consequat convallis fringilla Vestibulum nulla. Accumsan morbi tristique auctor. At risus pretium urna tortor metus fringilla interdum mauris tempor congue</p>
<p></p>
<p>Odio ut pretium ligula quam Vestibulum consequat convallis fringilla Vestibulum nulla. Accumsan morbi tristique auctor. At risus pretium urna tortor metus fringilla interdum mauris tempor congue Odio ut pretium ligula quam Vestibulum consequat convallis fringilla Vestibulum nulla. Accumsan morbi tristique auctor. At risus pretium urna tortor metus fringilla interdum mauris tempor congue</p>','','','at-risus-pretium-urna-tortor-metus-fringilla'),('1','4','At risus pretium urna tortor metus fringilla','','','','','<p><span>Odio ut pretium ligula quam Vestibulum consequat convallis fringilla Vestibulum nulla. Accumsan morbi tristique auctor. At risus pretium urna tortor metus fringilla interdum mauris tempor congue</span></p>','<p>Odio ut pretium ligula quam Vestibulum consequat convallis fringilla Vestibulum nulla. Accumsan morbi tristique auctor. At risus pretium urna tortor metus fringilla interdum mauris tempor congue Odio ut pretium ligula quam Vestibulum consequat convallis fringilla Vestibulum nulla. Accumsan morbi tristique auctor. At risus pretium urna tortor metus fringilla interdum mauris tempor congue Odio ut pretium ligula quam Vestibulum consequat convallis fringilla Vestibulum nulla. Accumsan morbi tristique auctor. At risus pretium urna tortor metus fringilla interdum mauris tempor congue</p>
<p></p>
<p>Odio ut pretium ligula quam Vestibulum consequat convallis fringilla Vestibulum nulla. Accumsan morbi tristique auctor. At risus pretium urna tortor metus fringilla interdum mauris tempor congue</p>
<p></p>
<p>Odio ut pretium ligula quam Vestibulum consequat convallis fringilla Vestibulum nulla. Accumsan morbi tristique auctor. At risus pretium urna tortor metus fringilla interdum mauris tempor congue Odio ut pretium ligula quam Vestibulum consequat convallis fringilla Vestibulum nulla. Accumsan morbi tristique auctor. At risus pretium urna tortor metus fringilla interdum mauris tempor congue</p>
<p></p>
<p>Odio ut pretium ligula quam Vestibulum consequat convallis fringilla Vestibulum nulla. Accumsan morbi tristique auctor. At risus pretium urna tortor metus fringilla interdum mauris tempor congue Odio ut pretium ligula quam Vestibulum consequat convallis fringilla Vestibulum nulla. Accumsan morbi tristique auctor. At risus pretium urna tortor metus fringilla interdum mauris tempor congue</p>','','','at-risus-pretium-urna-tortor-metus-fringilla'),('2','1','Ipsum cursus vestibulum at interdum Vivamus','','','','','<p><span>Donec tellus Nulla lorem Nullam elit id ut elit feugiat lacus. Congue eget dapibus congue tincidunt senectus nibh risus Phasellus tristique justo. Justo Pellentesque Donec lobortis faucibus</span></p>','<p>Donec tellus Nulla lorem Nullam elit id ut elit feugiat lacus. Congue eget dapibus congue tincidunt senectus nibh risus Phasellus tristique justo. Justo Pellentesque Donec lobortis faucibus Vestibulum Praesent mauris volutpat vitae metus. Ipsum cursus vestibulum at interdum Vivamus nunc fringilla Curabitur ac quis. Nam lacinia wisi tortor orci quis vitae. Donec tellus Nulla lorem Nullam elit id ut elit feugiat lacus. Congue eget dapibus congue tincidunt senectus nibh risus Phasellus tristique justo. Justo Pellentesque Donec lobortis faucibus Vestibulum Praesent mauris volutpat vitae metus. Ipsum cursus vestibulum at interdum Vivamus nunc fringilla Curabitur ac quis. Nam lacinia wisi tortor orci quis vitae. Donec tellus Nulla lorem Nullam elit id ut elit feugiat lacus. Congue eget dapibus congue tincidunt senectus nibh risus Phasellus tristique justo. Justo Pellentesque Donec lobortis faucibus Vestibulum Praesent mauris volutpat vitae metus. Ipsum cursus vestibulum at interdum Vivamus nunc fringilla Curabitur ac quis. Nam lacinia wisi tortor orci quis vitae.</p>
<p>Donec tellus Nulla lorem Nullam elit id ut elit feugiat lacus. Congue eget dapibus congue tincidunt senectus nibh risus Phasellus tristique justo. Justo Pellentesque Donec lobortis faucibus Vestibulum Praesent mauris volutpat vitae metus. Ipsum cursus vestibulum at interdum Vivamus nunc fringilla Curabitur ac quis. Nam lacinia wisi tortor orci quis vitae.Donec tellus Nulla lorem Nullam elit id ut elit feugiat lacus. Congue eget dapibus congue tincidunt senectus nibh risus Phasellus tristique justo. Justo Pellentesque Donec lobortis faucibus Vestibulum Praesent mauris volutpat vitae metus. Ipsum cursus vestibulum at interdum Vivamus nunc fringilla Curabitur ac quis. Nam lacinia wisi tortor orci quis vitae.Donec tellus Nulla lorem Nullam elit id ut elit feugiat lacus. Congue eget dapibus congue tincidunt senectus nibh risus Phasellus tristique justo. Justo Pellentesque Donec lobortis faucibus Vestibulum Praesent mauris volutpat vitae metus. Ipsum cursus vestibulum at interdum Vivamus nunc fringilla Curabitur ac quis. Nam lacinia wisi tortor orci quis vitae.</p>','','','ipsum-cursus-vestibulum-at-interdum-vivamus'),('2','2','Ipsum cursus vestibulum at interdum Vivamus','','','','','<p><span>Donec tellus Nulla lorem Nullam elit id ut elit feugiat lacus. Congue eget dapibus congue tincidunt senectus nibh risus Phasellus tristique justo. Justo Pellentesque Donec lobortis faucibus</span></p>','<p>Donec tellus Nulla lorem Nullam elit id ut elit feugiat lacus. Congue eget dapibus congue tincidunt senectus nibh risus Phasellus tristique justo. Justo Pellentesque Donec lobortis faucibus Vestibulum Praesent mauris volutpat vitae metus. Ipsum cursus vestibulum at interdum Vivamus nunc fringilla Curabitur ac quis. Nam lacinia wisi tortor orci quis vitae. Donec tellus Nulla lorem Nullam elit id ut elit feugiat lacus. Congue eget dapibus congue tincidunt senectus nibh risus Phasellus tristique justo. Justo Pellentesque Donec lobortis faucibus Vestibulum Praesent mauris volutpat vitae metus. Ipsum cursus vestibulum at interdum Vivamus nunc fringilla Curabitur ac quis. Nam lacinia wisi tortor orci quis vitae. Donec tellus Nulla lorem Nullam elit id ut elit feugiat lacus. Congue eget dapibus congue tincidunt senectus nibh risus Phasellus tristique justo. Justo Pellentesque Donec lobortis faucibus Vestibulum Praesent mauris volutpat vitae metus. Ipsum cursus vestibulum at interdum Vivamus nunc fringilla Curabitur ac quis. Nam lacinia wisi tortor orci quis vitae.</p>
<p>Donec tellus Nulla lorem Nullam elit id ut elit feugiat lacus. Congue eget dapibus congue tincidunt senectus nibh risus Phasellus tristique justo. Justo Pellentesque Donec lobortis faucibus Vestibulum Praesent mauris volutpat vitae metus. Ipsum cursus vestibulum at interdum Vivamus nunc fringilla Curabitur ac quis. Nam lacinia wisi tortor orci quis vitae.Donec tellus Nulla lorem Nullam elit id ut elit feugiat lacus. Congue eget dapibus congue tincidunt senectus nibh risus Phasellus tristique justo. Justo Pellentesque Donec lobortis faucibus Vestibulum Praesent mauris volutpat vitae metus. Ipsum cursus vestibulum at interdum Vivamus nunc fringilla Curabitur ac quis. Nam lacinia wisi tortor orci quis vitae.Donec tellus Nulla lorem Nullam elit id ut elit feugiat lacus. Congue eget dapibus congue tincidunt senectus nibh risus Phasellus tristique justo. Justo Pellentesque Donec lobortis faucibus Vestibulum Praesent mauris volutpat vitae metus. Ipsum cursus vestibulum at interdum Vivamus nunc fringilla Curabitur ac quis. Nam lacinia wisi tortor orci quis vitae.</p>','','','ipsum-cursus-vestibulum-at-interdum-vivamus'),('2','3','Ipsum cursus vestibulum at interdum Vivamus','','','','','<p><span>Donec tellus Nulla lorem Nullam elit id ut elit feugiat lacus. Congue eget dapibus congue tincidunt senectus nibh risus Phasellus tristique justo. Justo Pellentesque Donec lobortis faucibus</span></p>','<p>Donec tellus Nulla lorem Nullam elit id ut elit feugiat lacus. Congue eget dapibus congue tincidunt senectus nibh risus Phasellus tristique justo. Justo Pellentesque Donec lobortis faucibus Vestibulum Praesent mauris volutpat vitae metus. Ipsum cursus vestibulum at interdum Vivamus nunc fringilla Curabitur ac quis. Nam lacinia wisi tortor orci quis vitae. Donec tellus Nulla lorem Nullam elit id ut elit feugiat lacus. Congue eget dapibus congue tincidunt senectus nibh risus Phasellus tristique justo. Justo Pellentesque Donec lobortis faucibus Vestibulum Praesent mauris volutpat vitae metus. Ipsum cursus vestibulum at interdum Vivamus nunc fringilla Curabitur ac quis. Nam lacinia wisi tortor orci quis vitae. Donec tellus Nulla lorem Nullam elit id ut elit feugiat lacus. Congue eget dapibus congue tincidunt senectus nibh risus Phasellus tristique justo. Justo Pellentesque Donec lobortis faucibus Vestibulum Praesent mauris volutpat vitae metus. Ipsum cursus vestibulum at interdum Vivamus nunc fringilla Curabitur ac quis. Nam lacinia wisi tortor orci quis vitae.</p>
<p>Donec tellus Nulla lorem Nullam elit id ut elit feugiat lacus. Congue eget dapibus congue tincidunt senectus nibh risus Phasellus tristique justo. Justo Pellentesque Donec lobortis faucibus Vestibulum Praesent mauris volutpat vitae metus. Ipsum cursus vestibulum at interdum Vivamus nunc fringilla Curabitur ac quis. Nam lacinia wisi tortor orci quis vitae.Donec tellus Nulla lorem Nullam elit id ut elit feugiat lacus. Congue eget dapibus congue tincidunt senectus nibh risus Phasellus tristique justo. Justo Pellentesque Donec lobortis faucibus Vestibulum Praesent mauris volutpat vitae metus. Ipsum cursus vestibulum at interdum Vivamus nunc fringilla Curabitur ac quis. Nam lacinia wisi tortor orci quis vitae.Donec tellus Nulla lorem Nullam elit id ut elit feugiat lacus. Congue eget dapibus congue tincidunt senectus nibh risus Phasellus tristique justo. Justo Pellentesque Donec lobortis faucibus Vestibulum Praesent mauris volutpat vitae metus. Ipsum cursus vestibulum at interdum Vivamus nunc fringilla Curabitur ac quis. Nam lacinia wisi tortor orci quis vitae.</p>','','','ipsum-cursus-vestibulum-at-interdum-vivamus'),('2','4','Ipsum cursus vestibulum at interdum Vivamus','','','','','<p><span>Donec tellus Nulla lorem Nullam elit id ut elit feugiat lacus. Congue eget dapibus congue tincidunt senectus nibh risus Phasellus tristique justo. Justo Pellentesque Donec lobortis faucibus</span></p>','<p>Donec tellus Nulla lorem Nullam elit id ut elit feugiat lacus. Congue eget dapibus congue tincidunt senectus nibh risus Phasellus tristique justo. Justo Pellentesque Donec lobortis faucibus Vestibulum Praesent mauris volutpat vitae metus. Ipsum cursus vestibulum at interdum Vivamus nunc fringilla Curabitur ac quis. Nam lacinia wisi tortor orci quis vitae. Donec tellus Nulla lorem Nullam elit id ut elit feugiat lacus. Congue eget dapibus congue tincidunt senectus nibh risus Phasellus tristique justo. Justo Pellentesque Donec lobortis faucibus Vestibulum Praesent mauris volutpat vitae metus. Ipsum cursus vestibulum at interdum Vivamus nunc fringilla Curabitur ac quis. Nam lacinia wisi tortor orci quis vitae. Donec tellus Nulla lorem Nullam elit id ut elit feugiat lacus. Congue eget dapibus congue tincidunt senectus nibh risus Phasellus tristique justo. Justo Pellentesque Donec lobortis faucibus Vestibulum Praesent mauris volutpat vitae metus. Ipsum cursus vestibulum at interdum Vivamus nunc fringilla Curabitur ac quis. Nam lacinia wisi tortor orci quis vitae.</p>
<p>Donec tellus Nulla lorem Nullam elit id ut elit feugiat lacus. Congue eget dapibus congue tincidunt senectus nibh risus Phasellus tristique justo. Justo Pellentesque Donec lobortis faucibus Vestibulum Praesent mauris volutpat vitae metus. Ipsum cursus vestibulum at interdum Vivamus nunc fringilla Curabitur ac quis. Nam lacinia wisi tortor orci quis vitae.Donec tellus Nulla lorem Nullam elit id ut elit feugiat lacus. Congue eget dapibus congue tincidunt senectus nibh risus Phasellus tristique justo. Justo Pellentesque Donec lobortis faucibus Vestibulum Praesent mauris volutpat vitae metus. Ipsum cursus vestibulum at interdum Vivamus nunc fringilla Curabitur ac quis. Nam lacinia wisi tortor orci quis vitae.Donec tellus Nulla lorem Nullam elit id ut elit feugiat lacus. Congue eget dapibus congue tincidunt senectus nibh risus Phasellus tristique justo. Justo Pellentesque Donec lobortis faucibus Vestibulum Praesent mauris volutpat vitae metus. Ipsum cursus vestibulum at interdum Vivamus nunc fringilla Curabitur ac quis. Nam lacinia wisi tortor orci quis vitae.</p>','','','ipsum-cursus-vestibulum-at-interdum-vivamus'),('3','1','Urna pretium elit mauris cursus Curabitur at elit Vestibulum','','','','','<p><span>Mi vitae magnis Fusce laoreet nibh felis porttitor laoreet Vestibulum faucibus. At Nulla id tincidunt ut sed semper vel Lorem condimentum ornare.</span></p>','<p><span style="background-color:#ffffff;">Mi vitae magnis Fusce laoreet nibh felis porttitor laoreet Vestibulum faucibus. At Nulla id tincidunt ut sed semper vel Lorem condimentum ornare. Laoreet Vestibulum lacinia massa a commodo habitasse velit Vestibulum tincidunt In. Turpis at eleifend mi elit Aenean porta ac sed faucibus. Nunc urna Morbi fringilla vitae orci convallis condimentum auctor sit dui. Urna pretium elit mauris cursus Curabitur at elit Vestibulum.</span></p>','','','urna-pretium-elit-mauris-cursus-curabitur-at-elit-vestibulum'),('3','2','Urna pretium elit mauris cursus Curabitur at elit Vestibulum','','','','','<p><span>Mi vitae magnis Fusce laoreet nibh felis porttitor laoreet Vestibulum faucibus. At Nulla id tincidunt ut sed semper vel Lorem condimentum ornare.</span></p>','<p><span style="background-color:#ffffff;">Mi vitae magnis Fusce laoreet nibh felis porttitor laoreet Vestibulum faucibus. At Nulla id tincidunt ut sed semper vel Lorem condimentum ornare. Laoreet Vestibulum lacinia massa a commodo habitasse velit Vestibulum tincidunt In. Turpis at eleifend mi elit Aenean porta ac sed faucibus. Nunc urna Morbi fringilla vitae orci convallis condimentum auctor sit dui. Urna pretium elit mauris cursus Curabitur at elit Vestibulum.</span></p>','','','urna-pretium-elit-mauris-cursus-curabitur-at-elit-vestibulum'),('3','3','Urna pretium elit mauris cursus Curabitur at elit Vestibulum','','','','','<p><span>Mi vitae magnis Fusce laoreet nibh felis porttitor laoreet Vestibulum faucibus. At Nulla id tincidunt ut sed semper vel Lorem condimentum ornare.</span></p>','<p><span style="background-color:#ffffff;">Mi vitae magnis Fusce laoreet nibh felis porttitor laoreet Vestibulum faucibus. At Nulla id tincidunt ut sed semper vel Lorem condimentum ornare. Laoreet Vestibulum lacinia massa a commodo habitasse velit Vestibulum tincidunt In. Turpis at eleifend mi elit Aenean porta ac sed faucibus. Nunc urna Morbi fringilla vitae orci convallis condimentum auctor sit dui. Urna pretium elit mauris cursus Curabitur at elit Vestibulum.</span></p>','','','urna-pretium-elit-mauris-cursus-curabitur-at-elit-vestibulum'),('3','4','Urna pretium elit mauris cursus Curabitur at elit Vestibulum','','','','','<p><span>Mi vitae magnis Fusce laoreet nibh felis porttitor laoreet Vestibulum faucibus. At Nulla id tincidunt ut sed semper vel Lorem condimentum ornare.</span></p>','<p><span style="background-color:#ffffff;">Mi vitae magnis Fusce laoreet nibh felis porttitor laoreet Vestibulum faucibus. At Nulla id tincidunt ut sed semper vel Lorem condimentum ornare. Laoreet Vestibulum lacinia massa a commodo habitasse velit Vestibulum tincidunt In. Turpis at eleifend mi elit Aenean porta ac sed faucibus. Nunc urna Morbi fringilla vitae orci convallis condimentum auctor sit dui. Urna pretium elit mauris cursus Curabitur at elit Vestibulum.</span></p>','','','urna-pretium-elit-mauris-cursus-curabitur-at-elit-vestibulum'),('4','1','Urna pretium elit mauris cursus Curabitur at elit Vestibulum','','','','','<p><span>Mi vitae magnis Fusce laoreet nibh felis porttitor laoreet Vestibulum faucibus. At Nulla id tincidunt ut sed semper vel Lorem condimentum ornare.</span></p>','<p><span style="background-color:#ffffff;">Mi vitae magnis Fusce laoreet nibh felis porttitor laoreet Vestibulum faucibus. At Nulla id tincidunt ut sed semper vel Lorem condimentum ornare. Laoreet Vestibulum lacinia massa a commodo habitasse velit Vestibulum tincidunt In. Turpis at eleifend mi elit Aenean porta ac sed faucibus. Nunc urna Morbi fringilla vitae orci convallis condimentum auctor sit dui. Urna pretium elit mauris cursus Curabitur at elit Vestibulum. Mi vitae magnis Fusce laoreet nibh felis porttitor laoreet Vestibulum faucibus. At Nulla id tincidunt ut sed semper vel Lorem condimentum ornare. Laoreet Vestibulum lacinia massa a commodo habitasse velit Vestibulum tincidunt In. Turpis at eleifend mi elit Aenean porta ac sed faucibus. Nunc urna Morbi fringilla vitae orci convallis condimentum auctor sit dui. Urna pretium elit mauris cursus Curabitur at elit Vestibulum.</span></p>','','','urna-pretium-elit-mauris-cursus-curabitur-at-elit-vestibulum'),('4','2','Urna pretium elit mauris cursus Curabitur at elit Vestibulum','','','','','<p><span>Mi vitae magnis Fusce laoreet nibh felis porttitor laoreet Vestibulum faucibus. At Nulla id tincidunt ut sed semper vel Lorem condimentum ornare.</span></p>','<p><span style="background-color:#ffffff;">Mi vitae magnis Fusce laoreet nibh felis porttitor laoreet Vestibulum faucibus. At Nulla id tincidunt ut sed semper vel Lorem condimentum ornare. Laoreet Vestibulum lacinia massa a commodo habitasse velit Vestibulum tincidunt In. Turpis at eleifend mi elit Aenean porta ac sed faucibus. Nunc urna Morbi fringilla vitae orci convallis condimentum auctor sit dui. Urna pretium elit mauris cursus Curabitur at elit Vestibulum. Mi vitae magnis Fusce laoreet nibh felis porttitor laoreet Vestibulum faucibus. At Nulla id tincidunt ut sed semper vel Lorem condimentum ornare. Laoreet Vestibulum lacinia massa a commodo habitasse velit Vestibulum tincidunt In. Turpis at eleifend mi elit Aenean porta ac sed faucibus. Nunc urna Morbi fringilla vitae orci convallis condimentum auctor sit dui. Urna pretium elit mauris cursus Curabitur at elit Vestibulum.</span></p>','','','urna-pretium-elit-mauris-cursus-curabitur-at-elit-vestibulum'),('4','3','Urna pretium elit mauris cursus Curabitur at elit Vestibulum','','','','','<p><span>Mi vitae magnis Fusce laoreet nibh felis porttitor laoreet Vestibulum faucibus. At Nulla id tincidunt ut sed semper vel Lorem condimentum ornare.</span></p>','<p><span style="background-color:#ffffff;">Mi vitae magnis Fusce laoreet nibh felis porttitor laoreet Vestibulum faucibus. At Nulla id tincidunt ut sed semper vel Lorem condimentum ornare. Laoreet Vestibulum lacinia massa a commodo habitasse velit Vestibulum tincidunt In. Turpis at eleifend mi elit Aenean porta ac sed faucibus. Nunc urna Morbi fringilla vitae orci convallis condimentum auctor sit dui. Urna pretium elit mauris cursus Curabitur at elit Vestibulum. Mi vitae magnis Fusce laoreet nibh felis porttitor laoreet Vestibulum faucibus. At Nulla id tincidunt ut sed semper vel Lorem condimentum ornare. Laoreet Vestibulum lacinia massa a commodo habitasse velit Vestibulum tincidunt In. Turpis at eleifend mi elit Aenean porta ac sed faucibus. Nunc urna Morbi fringilla vitae orci convallis condimentum auctor sit dui. Urna pretium elit mauris cursus Curabitur at elit Vestibulum.</span></p>','','','urna-pretium-elit-mauris-cursus-curabitur-at-elit-vestibulum'),('4','4','Urna pretium elit mauris cursus Curabitur at elit Vestibulum','','','','','<p><span>Mi vitae magnis Fusce laoreet nibh felis porttitor laoreet Vestibulum faucibus. At Nulla id tincidunt ut sed semper vel Lorem condimentum ornare.</span></p>','<p><span style="background-color:#ffffff;">Mi vitae magnis Fusce laoreet nibh felis porttitor laoreet Vestibulum faucibus. At Nulla id tincidunt ut sed semper vel Lorem condimentum ornare. Laoreet Vestibulum lacinia massa a commodo habitasse velit Vestibulum tincidunt In. Turpis at eleifend mi elit Aenean porta ac sed faucibus. Nunc urna Morbi fringilla vitae orci convallis condimentum auctor sit dui. Urna pretium elit mauris cursus Curabitur at elit Vestibulum. Mi vitae magnis Fusce laoreet nibh felis porttitor laoreet Vestibulum faucibus. At Nulla id tincidunt ut sed semper vel Lorem condimentum ornare. Laoreet Vestibulum lacinia massa a commodo habitasse velit Vestibulum tincidunt In. Turpis at eleifend mi elit Aenean porta ac sed faucibus. Nunc urna Morbi fringilla vitae orci convallis condimentum auctor sit dui. Urna pretium elit mauris cursus Curabitur at elit Vestibulum.</span></p>','','','urna-pretium-elit-mauris-cursus-curabitur-at-elit-vestibulum'),('5','1','Morbi condimentum molestie Nam enim odio sodales','','','','','<p><span>Sed mauris Pellentesque elit Aliquam at lacus interdum nascetur elit ipsum. Enim ipsum hendrerit Suspendisse turpis laoreet fames tempus ligula pede ac. Et Lorem penatibus orci eu ultrices egestas Nam quam Vivamus nibh.</span></p>','<p>Odio ut pretium ligula quam Vestibulum consequat convallis fringilla Vestibulum nulla. Accumsan morbi tristique auctor. At risus pretium urna tortor metus fringilla interdum mauris tempor congue.</p>
<p>Commodo laoreet semper tincidunt lorem Vestibulum nunc at In Curabitur magna. Euismod euismod Suspendisse tortor ante adipiscing risus Aenean Lorem vitae id. Odio ut pretium ligula quam Vestibulum consequat convallis fringilla Vestibulum nulla. Accumsan morbi tristique auctor Aenean nulla lacinia Nullam elit vel vel. At risus pretium urna tortor metus fringilla interdum mauris tempor congue.</p>
<p>Donec tellus Nulla lorem Nullam elit id ut elit feugiat lacus. Congue eget dapibus congue tincidunt senectus nibh risus Phasellus tristique justo. Justo Pellentesque Donec lobortis faucibus Vestibulum Praesent mauris volutpat vitae metus. Ipsum cursus vestibulum at interdum Vivamus nunc fringilla Curabitur ac quis. Nam lacinia wisi tortor orci quis vitae.</p>
<p>Sed mauris Pellentesque elit Aliquam at lacus interdum nascetur elit ipsum. Enim ipsum hendrerit Suspendisse turpis laoreet fames tempus ligula pede ac. Et Lorem penatibus orci eu ultrices egestas Nam quam Vivamus nibh. Morbi condimentum molestie Nam enim odio sodales pretium eros sem pellentesque. Sit tellus Integer elit egestas lacus turpis id auctor nascetur ut. Ac elit vitae.</p>
<p>Mi vitae magnis Fusce laoreet nibh felis porttitor laoreet Vestibulum faucibus. At Nulla id tincidunt ut sed semper vel Lorem condimentum ornare. Laoreet Vestibulum lacinia massa a commodo habitasse velit Vestibulum tincidunt In. Turpis at eleifend mi elit Aenean porta ac sed faucibus. Nunc urna Morbi fringilla vitae orci convallis condimentum auctor sit dui. Urna pretium elit mauris cursus Curabitur at elit Vestibulum.</p>','','','morbi-condimentum-molestie-nam-enim-odio-sodales'),('5','2','Morbi condimentum molestie Nam enim odio sodales','','','','','<p><span>Sed mauris Pellentesque elit Aliquam at lacus interdum nascetur elit ipsum. Enim ipsum hendrerit Suspendisse turpis laoreet fames tempus ligula pede ac. Et Lorem penatibus orci eu ultrices egestas Nam quam Vivamus nibh.</span></p>','<p>Odio ut pretium ligula quam Vestibulum consequat convallis fringilla Vestibulum nulla. Accumsan morbi tristique auctor. At risus pretium urna tortor metus fringilla interdum mauris tempor congue.</p>
<p>Commodo laoreet semper tincidunt lorem Vestibulum nunc at In Curabitur magna. Euismod euismod Suspendisse tortor ante adipiscing risus Aenean Lorem vitae id. Odio ut pretium ligula quam Vestibulum consequat convallis fringilla Vestibulum nulla. Accumsan morbi tristique auctor Aenean nulla lacinia Nullam elit vel vel. At risus pretium urna tortor metus fringilla interdum mauris tempor congue.</p>
<p>Donec tellus Nulla lorem Nullam elit id ut elit feugiat lacus. Congue eget dapibus congue tincidunt senectus nibh risus Phasellus tristique justo. Justo Pellentesque Donec lobortis faucibus Vestibulum Praesent mauris volutpat vitae metus. Ipsum cursus vestibulum at interdum Vivamus nunc fringilla Curabitur ac quis. Nam lacinia wisi tortor orci quis vitae.</p>
<p>Sed mauris Pellentesque elit Aliquam at lacus interdum nascetur elit ipsum. Enim ipsum hendrerit Suspendisse turpis laoreet fames tempus ligula pede ac. Et Lorem penatibus orci eu ultrices egestas Nam quam Vivamus nibh. Morbi condimentum molestie Nam enim odio sodales pretium eros sem pellentesque. Sit tellus Integer elit egestas lacus turpis id auctor nascetur ut. Ac elit vitae.</p>
<p>Mi vitae magnis Fusce laoreet nibh felis porttitor laoreet Vestibulum faucibus. At Nulla id tincidunt ut sed semper vel Lorem condimentum ornare. Laoreet Vestibulum lacinia massa a commodo habitasse velit Vestibulum tincidunt In. Turpis at eleifend mi elit Aenean porta ac sed faucibus. Nunc urna Morbi fringilla vitae orci convallis condimentum auctor sit dui. Urna pretium elit mauris cursus Curabitur at elit Vestibulum.</p>','','','morbi-condimentum-molestie-nam-enim-odio-sodales'),('5','3','Morbi condimentum molestie Nam enim odio sodales','','','','','<p><span>Sed mauris Pellentesque elit Aliquam at lacus interdum nascetur elit ipsum. Enim ipsum hendrerit Suspendisse turpis laoreet fames tempus ligula pede ac. Et Lorem penatibus orci eu ultrices egestas Nam quam Vivamus nibh.</span></p>','<p>Odio ut pretium ligula quam Vestibulum consequat convallis fringilla Vestibulum nulla. Accumsan morbi tristique auctor. At risus pretium urna tortor metus fringilla interdum mauris tempor congue.</p>
<p>Commodo laoreet semper tincidunt lorem Vestibulum nunc at In Curabitur magna. Euismod euismod Suspendisse tortor ante adipiscing risus Aenean Lorem vitae id. Odio ut pretium ligula quam Vestibulum consequat convallis fringilla Vestibulum nulla. Accumsan morbi tristique auctor Aenean nulla lacinia Nullam elit vel vel. At risus pretium urna tortor metus fringilla interdum mauris tempor congue.</p>
<p>Donec tellus Nulla lorem Nullam elit id ut elit feugiat lacus. Congue eget dapibus congue tincidunt senectus nibh risus Phasellus tristique justo. Justo Pellentesque Donec lobortis faucibus Vestibulum Praesent mauris volutpat vitae metus. Ipsum cursus vestibulum at interdum Vivamus nunc fringilla Curabitur ac quis. Nam lacinia wisi tortor orci quis vitae.</p>
<p>Sed mauris Pellentesque elit Aliquam at lacus interdum nascetur elit ipsum. Enim ipsum hendrerit Suspendisse turpis laoreet fames tempus ligula pede ac. Et Lorem penatibus orci eu ultrices egestas Nam quam Vivamus nibh. Morbi condimentum molestie Nam enim odio sodales pretium eros sem pellentesque. Sit tellus Integer elit egestas lacus turpis id auctor nascetur ut. Ac elit vitae.</p>
<p>Mi vitae magnis Fusce laoreet nibh felis porttitor laoreet Vestibulum faucibus. At Nulla id tincidunt ut sed semper vel Lorem condimentum ornare. Laoreet Vestibulum lacinia massa a commodo habitasse velit Vestibulum tincidunt In. Turpis at eleifend mi elit Aenean porta ac sed faucibus. Nunc urna Morbi fringilla vitae orci convallis condimentum auctor sit dui. Urna pretium elit mauris cursus Curabitur at elit Vestibulum.</p>','','','morbi-condimentum-molestie-nam-enim-odio-sodales'),('5','4','Morbi condimentum molestie Nam enim odio sodales','','','','','<p><span>Sed mauris Pellentesque elit Aliquam at lacus interdum nascetur elit ipsum. Enim ipsum hendrerit Suspendisse turpis laoreet fames tempus ligula pede ac. Et Lorem penatibus orci eu ultrices egestas Nam quam Vivamus nibh.</span></p>','<p>Odio ut pretium ligula quam Vestibulum consequat convallis fringilla Vestibulum nulla. Accumsan morbi tristique auctor. At risus pretium urna tortor metus fringilla interdum mauris tempor congue.</p>
<p>Commodo laoreet semper tincidunt lorem Vestibulum nunc at In Curabitur magna. Euismod euismod Suspendisse tortor ante adipiscing risus Aenean Lorem vitae id. Odio ut pretium ligula quam Vestibulum consequat convallis fringilla Vestibulum nulla. Accumsan morbi tristique auctor Aenean nulla lacinia Nullam elit vel vel. At risus pretium urna tortor metus fringilla interdum mauris tempor congue.</p>
<p>Donec tellus Nulla lorem Nullam elit id ut elit feugiat lacus. Congue eget dapibus congue tincidunt senectus nibh risus Phasellus tristique justo. Justo Pellentesque Donec lobortis faucibus Vestibulum Praesent mauris volutpat vitae metus. Ipsum cursus vestibulum at interdum Vivamus nunc fringilla Curabitur ac quis. Nam lacinia wisi tortor orci quis vitae.</p>
<p>Sed mauris Pellentesque elit Aliquam at lacus interdum nascetur elit ipsum. Enim ipsum hendrerit Suspendisse turpis laoreet fames tempus ligula pede ac. Et Lorem penatibus orci eu ultrices egestas Nam quam Vivamus nibh. Morbi condimentum molestie Nam enim odio sodales pretium eros sem pellentesque. Sit tellus Integer elit egestas lacus turpis id auctor nascetur ut. Ac elit vitae.</p>
<p>Mi vitae magnis Fusce laoreet nibh felis porttitor laoreet Vestibulum faucibus. At Nulla id tincidunt ut sed semper vel Lorem condimentum ornare. Laoreet Vestibulum lacinia massa a commodo habitasse velit Vestibulum tincidunt In. Turpis at eleifend mi elit Aenean porta ac sed faucibus. Nunc urna Morbi fringilla vitae orci convallis condimentum auctor sit dui. Urna pretium elit mauris cursus Curabitur at elit Vestibulum.</p>','','','morbi-condimentum-molestie-nam-enim-odio-sodales'),('6','1','Turpis at eleifend mi elit Aenean porta ac sed faucibus','','','','','<p><span>Turpis at eleifend mi elit Aenean porta ac sed faucibus. Nunc urna Morbi fringilla vitae orci convallis condimentum auctor sit dui. Urna pretium elit mauris cursus Curabitur at elit Vestibulum</span></p>','<p>Odio ut pretium ligula quam Vestibulum consequat convallis fringilla Vestibulum nulla. Accumsan morbi tristique auctor. At risus pretium urna tortor metus fringilla interdum mauris tempor congue.</p>
<p>Commodo laoreet semper tincidunt lorem Vestibulum nunc at In Curabitur magna. Euismod euismod Suspendisse tortor ante adipiscing risus Aenean Lorem vitae id. Odio ut pretium ligula quam Vestibulum consequat convallis fringilla Vestibulum nulla. Accumsan morbi tristique auctor Aenean nulla lacinia Nullam elit vel vel. At risus pretium urna tortor metus fringilla interdum mauris tempor congue.</p>
<p>Donec tellus Nulla lorem Nullam elit id ut elit feugiat lacus. Congue eget dapibus congue tincidunt senectus nibh risus Phasellus tristique justo. Justo Pellentesque Donec lobortis faucibus Vestibulum Praesent mauris volutpat vitae metus. Ipsum cursus vestibulum at interdum Vivamus nunc fringilla Curabitur ac quis. Nam lacinia wisi tortor orci quis vitae.</p>
<p>Sed mauris Pellentesque elit Aliquam at lacus interdum nascetur elit ipsum. Enim ipsum hendrerit Suspendisse turpis laoreet fames tempus ligula pede ac. Et Lorem penatibus orci eu ultrices egestas Nam quam Vivamus nibh. Morbi condimentum molestie Nam enim odio sodales pretium eros sem pellentesque. Sit tellus Integer elit egestas lacus turpis id auctor nascetur ut. Ac elit vitae.</p>
<p>Mi vitae magnis Fusce laoreet nibh felis porttitor laoreet Vestibulum faucibus. At Nulla id tincidunt ut sed semper vel Lorem condimentum ornare. Laoreet Vestibulum lacinia massa a commodo habitasse velit Vestibulum tincidunt In. Turpis at eleifend mi elit Aenean porta ac sed faucibus. Nunc urna Morbi fringilla vitae orci convallis condimentum auctor sit dui. Urna pretium elit mauris cursus Curabitur at elit Vestibulum.</p>','','','turpis-at-eleifend-mi-elit-aenean-porta-ac-sed-faucibus'),('6','2','Turpis at eleifend mi elit Aenean porta ac sed faucibus','','','','','<p><span>Turpis at eleifend mi elit Aenean porta ac sed faucibus. Nunc urna Morbi fringilla vitae orci convallis condimentum auctor sit dui. Urna pretium elit mauris cursus Curabitur at elit Vestibulum</span></p>','<p>Odio ut pretium ligula quam Vestibulum consequat convallis fringilla Vestibulum nulla. Accumsan morbi tristique auctor. At risus pretium urna tortor metus fringilla interdum mauris tempor congue.</p>
<p>Commodo laoreet semper tincidunt lorem Vestibulum nunc at In Curabitur magna. Euismod euismod Suspendisse tortor ante adipiscing risus Aenean Lorem vitae id. Odio ut pretium ligula quam Vestibulum consequat convallis fringilla Vestibulum nulla. Accumsan morbi tristique auctor Aenean nulla lacinia Nullam elit vel vel. At risus pretium urna tortor metus fringilla interdum mauris tempor congue.</p>
<p>Donec tellus Nulla lorem Nullam elit id ut elit feugiat lacus. Congue eget dapibus congue tincidunt senectus nibh risus Phasellus tristique justo. Justo Pellentesque Donec lobortis faucibus Vestibulum Praesent mauris volutpat vitae metus. Ipsum cursus vestibulum at interdum Vivamus nunc fringilla Curabitur ac quis. Nam lacinia wisi tortor orci quis vitae.</p>
<p>Sed mauris Pellentesque elit Aliquam at lacus interdum nascetur elit ipsum. Enim ipsum hendrerit Suspendisse turpis laoreet fames tempus ligula pede ac. Et Lorem penatibus orci eu ultrices egestas Nam quam Vivamus nibh. Morbi condimentum molestie Nam enim odio sodales pretium eros sem pellentesque. Sit tellus Integer elit egestas lacus turpis id auctor nascetur ut. Ac elit vitae.</p>
<p>Mi vitae magnis Fusce laoreet nibh felis porttitor laoreet Vestibulum faucibus. At Nulla id tincidunt ut sed semper vel Lorem condimentum ornare. Laoreet Vestibulum lacinia massa a commodo habitasse velit Vestibulum tincidunt In. Turpis at eleifend mi elit Aenean porta ac sed faucibus. Nunc urna Morbi fringilla vitae orci convallis condimentum auctor sit dui. Urna pretium elit mauris cursus Curabitur at elit Vestibulum.</p>','','','turpis-at-eleifend-mi-elit-aenean-porta-ac-sed-faucibus'),('6','3','Turpis at eleifend mi elit Aenean porta ac sed faucibus','','','','','<p><span>Turpis at eleifend mi elit Aenean porta ac sed faucibus. Nunc urna Morbi fringilla vitae orci convallis condimentum auctor sit dui. Urna pretium elit mauris cursus Curabitur at elit Vestibulum</span></p>','<p>Odio ut pretium ligula quam Vestibulum consequat convallis fringilla Vestibulum nulla. Accumsan morbi tristique auctor. At risus pretium urna tortor metus fringilla interdum mauris tempor congue.</p>
<p>Commodo laoreet semper tincidunt lorem Vestibulum nunc at In Curabitur magna. Euismod euismod Suspendisse tortor ante adipiscing risus Aenean Lorem vitae id. Odio ut pretium ligula quam Vestibulum consequat convallis fringilla Vestibulum nulla. Accumsan morbi tristique auctor Aenean nulla lacinia Nullam elit vel vel. At risus pretium urna tortor metus fringilla interdum mauris tempor congue.</p>
<p>Donec tellus Nulla lorem Nullam elit id ut elit feugiat lacus. Congue eget dapibus congue tincidunt senectus nibh risus Phasellus tristique justo. Justo Pellentesque Donec lobortis faucibus Vestibulum Praesent mauris volutpat vitae metus. Ipsum cursus vestibulum at interdum Vivamus nunc fringilla Curabitur ac quis. Nam lacinia wisi tortor orci quis vitae.</p>
<p>Sed mauris Pellentesque elit Aliquam at lacus interdum nascetur elit ipsum. Enim ipsum hendrerit Suspendisse turpis laoreet fames tempus ligula pede ac. Et Lorem penatibus orci eu ultrices egestas Nam quam Vivamus nibh. Morbi condimentum molestie Nam enim odio sodales pretium eros sem pellentesque. Sit tellus Integer elit egestas lacus turpis id auctor nascetur ut. Ac elit vitae.</p>
<p>Mi vitae magnis Fusce laoreet nibh felis porttitor laoreet Vestibulum faucibus. At Nulla id tincidunt ut sed semper vel Lorem condimentum ornare. Laoreet Vestibulum lacinia massa a commodo habitasse velit Vestibulum tincidunt In. Turpis at eleifend mi elit Aenean porta ac sed faucibus. Nunc urna Morbi fringilla vitae orci convallis condimentum auctor sit dui. Urna pretium elit mauris cursus Curabitur at elit Vestibulum.</p>','','','turpis-at-eleifend-mi-elit-aenean-porta-ac-sed-faucibus'),('6','4','Turpis at eleifend mi elit Aenean porta ac sed faucibus','','','','','<p><span>Turpis at eleifend mi elit Aenean porta ac sed faucibus. Nunc urna Morbi fringilla vitae orci convallis condimentum auctor sit dui. Urna pretium elit mauris cursus Curabitur at elit Vestibulum</span></p>','<p>Odio ut pretium ligula quam Vestibulum consequat convallis fringilla Vestibulum nulla. Accumsan morbi tristique auctor. At risus pretium urna tortor metus fringilla interdum mauris tempor congue.</p>
<p>Commodo laoreet semper tincidunt lorem Vestibulum nunc at In Curabitur magna. Euismod euismod Suspendisse tortor ante adipiscing risus Aenean Lorem vitae id. Odio ut pretium ligula quam Vestibulum consequat convallis fringilla Vestibulum nulla. Accumsan morbi tristique auctor Aenean nulla lacinia Nullam elit vel vel. At risus pretium urna tortor metus fringilla interdum mauris tempor congue.</p>
<p>Donec tellus Nulla lorem Nullam elit id ut elit feugiat lacus. Congue eget dapibus congue tincidunt senectus nibh risus Phasellus tristique justo. Justo Pellentesque Donec lobortis faucibus Vestibulum Praesent mauris volutpat vitae metus. Ipsum cursus vestibulum at interdum Vivamus nunc fringilla Curabitur ac quis. Nam lacinia wisi tortor orci quis vitae.</p>
<p>Sed mauris Pellentesque elit Aliquam at lacus interdum nascetur elit ipsum. Enim ipsum hendrerit Suspendisse turpis laoreet fames tempus ligula pede ac. Et Lorem penatibus orci eu ultrices egestas Nam quam Vivamus nibh. Morbi condimentum molestie Nam enim odio sodales pretium eros sem pellentesque. Sit tellus Integer elit egestas lacus turpis id auctor nascetur ut. Ac elit vitae.</p>
<p>Mi vitae magnis Fusce laoreet nibh felis porttitor laoreet Vestibulum faucibus. At Nulla id tincidunt ut sed semper vel Lorem condimentum ornare. Laoreet Vestibulum lacinia massa a commodo habitasse velit Vestibulum tincidunt In. Turpis at eleifend mi elit Aenean porta ac sed faucibus. Nunc urna Morbi fringilla vitae orci convallis condimentum auctor sit dui. Urna pretium elit mauris cursus Curabitur at elit Vestibulum.</p>','','','turpis-at-eleifend-mi-elit-aenean-porta-ac-sed-faucibus'),('7','1','Nullam ullamcorper nisl quis ornare molestie','','','','','<p>Suspendisse posuere, diam in bibendum lobortis, turpis ipsum aliquam risus, sit amet dictum ligula lorem non nisl Urna pretium elit mauris cursus Curabitur at elit Vestibulum</p>','<p>Sed ut perspiciatis unde omnis iste natus error sit voluptatem accusantium doloremque laudantium, totam rem aperiam, eaque ipsa quae ab illo inventore veritatis et quas.</p>
<p>Suspendisse posuere, diam in bibendum lobortis, turpis ipsum aliquam risus, sit amet dictum ligula lorem non nisl. Ut vitae nibh id massa vulputate euismod ut quis justo. Ut bibendum sem at massa lacinia, eget elementum ante consectetur. Nulla id pharetra dui, at rhoncus urna. Maecenas non porttitor purus. Nullam ullamcorper nisl quis ornare molestie.</p>
<p>Etiam eget erat est. Phasellus elit justo, mattis non lorem non, aliquam aliquam. Sed fermentum consectetur magna, eget semper ante. Aliquam scelerisque justo velit. Fusce cursus blandit dolor, in sodales urna vulputate lobortis. Nulla ut tellus turpis. Nullam lacus sem, volutpat id odio sed, cursus tristique eros. Duis at pellentesque magna. Donec magna nisi, vulputate ac nulla eu, ultricies tincidunt tellus. Nunc tincidunt sem urna, nec venenatis libero vehicula ut.</p>
<p>Vestibulum ante ipsum primis in faucibus orci luctus et ultrices posuere cubilia Curae; Curabitur faucibus aliquam pulvinar. Vivamus mattis volutpat erat, et congue nisi semper quis. Cras vehicula dignissim libero in elementum. Mauris sit amet dolor justo. Morbi consequat velit vel est fermentum euismod. Curabitur in magna augue.</p>','','','nullam-ullamcorper-nisl-quis-ornare-molestie'),('7','2','Nullam ullamcorper nisl quis ornare molestie','','','','','<p>Suspendisse posuere, diam in bibendum lobortis, turpis ipsum aliquam risus, sit amet dictum ligula lorem non nisl Urna pretium elit mauris cursus Curabitur at elit Vestibulum</p>','<p>Sed ut perspiciatis unde omnis iste natus error sit voluptatem accusantium doloremque laudantium, totam rem aperiam, eaque ipsa quae ab illo inventore veritatis et quas.</p>
<p>Suspendisse posuere, diam in bibendum lobortis, turpis ipsum aliquam risus, sit amet dictum ligula lorem non nisl. Ut vitae nibh id massa vulputate euismod ut quis justo. Ut bibendum sem at massa lacinia, eget elementum ante consectetur. Nulla id pharetra dui, at rhoncus urna. Maecenas non porttitor purus. Nullam ullamcorper nisl quis ornare molestie.</p>
<p>Etiam eget erat est. Phasellus elit justo, mattis non lorem non, aliquam aliquam. Sed fermentum consectetur magna, eget semper ante. Aliquam scelerisque justo velit. Fusce cursus blandit dolor, in sodales urna vulputate lobortis. Nulla ut tellus turpis. Nullam lacus sem, volutpat id odio sed, cursus tristique eros. Duis at pellentesque magna. Donec magna nisi, vulputate ac nulla eu, ultricies tincidunt tellus. Nunc tincidunt sem urna, nec venenatis libero vehicula ut.</p>
<p>Vestibulum ante ipsum primis in faucibus orci luctus et ultrices posuere cubilia Curae; Curabitur faucibus aliquam pulvinar. Vivamus mattis volutpat erat, et congue nisi semper quis. Cras vehicula dignissim libero in elementum. Mauris sit amet dolor justo. Morbi consequat velit vel est fermentum euismod. Curabitur in magna augue.</p>','','','nullam-ullamcorper-nisl-quis-ornare-molestie'),('7','3','Nullam ullamcorper nisl quis ornare molestie','','','','','<p>Suspendisse posuere, diam in bibendum lobortis, turpis ipsum aliquam risus, sit amet dictum ligula lorem non nisl Urna pretium elit mauris cursus Curabitur at elit Vestibulum</p>','<p>Sed ut perspiciatis unde omnis iste natus error sit voluptatem accusantium doloremque laudantium, totam rem aperiam, eaque ipsa quae ab illo inventore veritatis et quas.</p>
<p>Suspendisse posuere, diam in bibendum lobortis, turpis ipsum aliquam risus, sit amet dictum ligula lorem non nisl. Ut vitae nibh id massa vulputate euismod ut quis justo. Ut bibendum sem at massa lacinia, eget elementum ante consectetur. Nulla id pharetra dui, at rhoncus urna. Maecenas non porttitor purus. Nullam ullamcorper nisl quis ornare molestie.</p>
<p>Etiam eget erat est. Phasellus elit justo, mattis non lorem non, aliquam aliquam. Sed fermentum consectetur magna, eget semper ante. Aliquam scelerisque justo velit. Fusce cursus blandit dolor, in sodales urna vulputate lobortis. Nulla ut tellus turpis. Nullam lacus sem, volutpat id odio sed, cursus tristique eros. Duis at pellentesque magna. Donec magna nisi, vulputate ac nulla eu, ultricies tincidunt tellus. Nunc tincidunt sem urna, nec venenatis libero vehicula ut.</p>
<p>Vestibulum ante ipsum primis in faucibus orci luctus et ultrices posuere cubilia Curae; Curabitur faucibus aliquam pulvinar. Vivamus mattis volutpat erat, et congue nisi semper quis. Cras vehicula dignissim libero in elementum. Mauris sit amet dolor justo. Morbi consequat velit vel est fermentum euismod. Curabitur in magna augue.</p>','','','nullam-ullamcorper-nisl-quis-ornare-molestie'),('7','4','Nullam ullamcorper nisl quis ornare molestie','','','','','<p>Suspendisse posuere, diam in bibendum lobortis, turpis ipsum aliquam risus, sit amet dictum ligula lorem non nisl Urna pretium elit mauris cursus Curabitur at elit Vestibulum</p>','<p>Sed ut perspiciatis unde omnis iste natus error sit voluptatem accusantium doloremque laudantium, totam rem aperiam, eaque ipsa quae ab illo inventore veritatis et quas.</p>
<p>Suspendisse posuere, diam in bibendum lobortis, turpis ipsum aliquam risus, sit amet dictum ligula lorem non nisl. Ut vitae nibh id massa vulputate euismod ut quis justo. Ut bibendum sem at massa lacinia, eget elementum ante consectetur. Nulla id pharetra dui, at rhoncus urna. Maecenas non porttitor purus. Nullam ullamcorper nisl quis ornare molestie.</p>
<p>Etiam eget erat est. Phasellus elit justo, mattis non lorem non, aliquam aliquam. Sed fermentum consectetur magna, eget semper ante. Aliquam scelerisque justo velit. Fusce cursus blandit dolor, in sodales urna vulputate lobortis. Nulla ut tellus turpis. Nullam lacus sem, volutpat id odio sed, cursus tristique eros. Duis at pellentesque magna. Donec magna nisi, vulputate ac nulla eu, ultricies tincidunt tellus. Nunc tincidunt sem urna, nec venenatis libero vehicula ut.</p>
<p>Vestibulum ante ipsum primis in faucibus orci luctus et ultrices posuere cubilia Curae; Curabitur faucibus aliquam pulvinar. Vivamus mattis volutpat erat, et congue nisi semper quis. Cras vehicula dignissim libero in elementum. Mauris sit amet dolor justo. Morbi consequat velit vel est fermentum euismod. Curabitur in magna augue.</p>','','','nullam-ullamcorper-nisl-quis-ornare-molestie'),('8','1','Urna pretium elit mauris cursus Curabitur at elit Vestibulum','','','','','<p>Donec tellus Nulla lorem Nullam elit id ut elit feugiat lacus. Congue eget dapibus congue tincidunt senectus nibh risus Phasellus tristique justo. Justo Pellentesque Donec lobortis faucibus</p>','<p>Sed ut perspiciatis unde omnis iste natus error sit voluptatem accusantium doloremque laudantium, totam rem aperiam, eaque ipsa quae ab illo inventore veritatis et quas. Suspendisse posuere, diam in bibendum lobortis, turpis ipsum aliquam risus, sit amet dictum ligula lorem non nisl. Ut vitae nibh id massa vulputate euismod ut quis justo. Ut bibendum sem at massa lacinia, eget elementum ante consectetur. Nulla id pharetra dui, at rhoncus urna. Maecenas non porttitor purus. Nullam ullamcorper nisl quis ornare molestie. Etiam eget erat est. Phasellus elit justo, mattis non lorem non, aliquam aliquam. Sed fermentum consectetur magna, eget semper ante. Aliquam scelerisque justo velit. Fusce cursus blandit dolor, in sodales urna vulputate lobortis. Nulla ut tellus turpis. Nullam lacus sem, volutpat id odio sed, cursus tristique eros. Duis at pellentesque magna. Donec magna nisi, vulputate ac nulla eu, ultricies tincidunt tellus. Nunc tincidunt sem urna, nec venenatis libero vehicula ut. Vestibulum ante ipsum primis in faucibus orci luctus et ultrices posuere cubilia Curae; Curabitur faucibus aliquam pulvinar. Vivamus mattis volutpat erat, et congue nisi semper quis. Cras vehicula dignissim libero in elementum. Mauris sit amet dolor justo. Morbi consequat velit vel est fermentum euismod. Curabitur in magna augue.</p>','https://vimeo.com/67001156','','urna-pretium-elit-mauris-cursus-curabitur-at-elit-vestibulum'),('8','2','Urna pretium elit mauris cursus Curabitur at elit Vestibulum','','','','','<p>Donec tellus Nulla lorem Nullam elit id ut elit feugiat lacus. Congue eget dapibus congue tincidunt senectus nibh risus Phasellus tristique justo. Justo Pellentesque Donec lobortis faucibus</p>','<p>Sed ut perspiciatis unde omnis iste natus error sit voluptatem accusantium doloremque laudantium, totam rem aperiam, eaque ipsa quae ab illo inventore veritatis et quas. Suspendisse posuere, diam in bibendum lobortis, turpis ipsum aliquam risus, sit amet dictum ligula lorem non nisl. Ut vitae nibh id massa vulputate euismod ut quis justo. Ut bibendum sem at massa lacinia, eget elementum ante consectetur. Nulla id pharetra dui, at rhoncus urna. Maecenas non porttitor purus. Nullam ullamcorper nisl quis ornare molestie. Etiam eget erat est. Phasellus elit justo, mattis non lorem non, aliquam aliquam. Sed fermentum consectetur magna, eget semper ante. Aliquam scelerisque justo velit. Fusce cursus blandit dolor, in sodales urna vulputate lobortis. Nulla ut tellus turpis. Nullam lacus sem, volutpat id odio sed, cursus tristique eros. Duis at pellentesque magna. Donec magna nisi, vulputate ac nulla eu, ultricies tincidunt tellus. Nunc tincidunt sem urna, nec venenatis libero vehicula ut. Vestibulum ante ipsum primis in faucibus orci luctus et ultrices posuere cubilia Curae; Curabitur faucibus aliquam pulvinar. Vivamus mattis volutpat erat, et congue nisi semper quis. Cras vehicula dignissim libero in elementum. Mauris sit amet dolor justo. Morbi consequat velit vel est fermentum euismod. Curabitur in magna augue.</p>','https://vimeo.com/67001156','','urna-pretium-elit-mauris-cursus-curabitur-at-elit-vestibulum'),('8','3','Urna pretium elit mauris cursus Curabitur at elit Vestibulum','','','','','<p>Donec tellus Nulla lorem Nullam elit id ut elit feugiat lacus. Congue eget dapibus congue tincidunt senectus nibh risus Phasellus tristique justo. Justo Pellentesque Donec lobortis faucibus</p>','<p>Sed ut perspiciatis unde omnis iste natus error sit voluptatem accusantium doloremque laudantium, totam rem aperiam, eaque ipsa quae ab illo inventore veritatis et quas. Suspendisse posuere, diam in bibendum lobortis, turpis ipsum aliquam risus, sit amet dictum ligula lorem non nisl. Ut vitae nibh id massa vulputate euismod ut quis justo. Ut bibendum sem at massa lacinia, eget elementum ante consectetur. Nulla id pharetra dui, at rhoncus urna. Maecenas non porttitor purus. Nullam ullamcorper nisl quis ornare molestie. Etiam eget erat est. Phasellus elit justo, mattis non lorem non, aliquam aliquam. Sed fermentum consectetur magna, eget semper ante. Aliquam scelerisque justo velit. Fusce cursus blandit dolor, in sodales urna vulputate lobortis. Nulla ut tellus turpis. Nullam lacus sem, volutpat id odio sed, cursus tristique eros. Duis at pellentesque magna. Donec magna nisi, vulputate ac nulla eu, ultricies tincidunt tellus. Nunc tincidunt sem urna, nec venenatis libero vehicula ut. Vestibulum ante ipsum primis in faucibus orci luctus et ultrices posuere cubilia Curae; Curabitur faucibus aliquam pulvinar. Vivamus mattis volutpat erat, et congue nisi semper quis. Cras vehicula dignissim libero in elementum. Mauris sit amet dolor justo. Morbi consequat velit vel est fermentum euismod. Curabitur in magna augue.</p>','https://vimeo.com/67001156','','urna-pretium-elit-mauris-cursus-curabitur-at-elit-vestibulum'),('8','4','Urna pretium elit mauris cursus Curabitur at elit Vestibulum','','','','','<p>Donec tellus Nulla lorem Nullam elit id ut elit feugiat lacus. Congue eget dapibus congue tincidunt senectus nibh risus Phasellus tristique justo. Justo Pellentesque Donec lobortis faucibus</p>','<p>Sed ut perspiciatis unde omnis iste natus error sit voluptatem accusantium doloremque laudantium, totam rem aperiam, eaque ipsa quae ab illo inventore veritatis et quas. Suspendisse posuere, diam in bibendum lobortis, turpis ipsum aliquam risus, sit amet dictum ligula lorem non nisl. Ut vitae nibh id massa vulputate euismod ut quis justo. Ut bibendum sem at massa lacinia, eget elementum ante consectetur. Nulla id pharetra dui, at rhoncus urna. Maecenas non porttitor purus. Nullam ullamcorper nisl quis ornare molestie. Etiam eget erat est. Phasellus elit justo, mattis non lorem non, aliquam aliquam. Sed fermentum consectetur magna, eget semper ante. Aliquam scelerisque justo velit. Fusce cursus blandit dolor, in sodales urna vulputate lobortis. Nulla ut tellus turpis. Nullam lacus sem, volutpat id odio sed, cursus tristique eros. Duis at pellentesque magna. Donec magna nisi, vulputate ac nulla eu, ultricies tincidunt tellus. Nunc tincidunt sem urna, nec venenatis libero vehicula ut. Vestibulum ante ipsum primis in faucibus orci luctus et ultrices posuere cubilia Curae; Curabitur faucibus aliquam pulvinar. Vivamus mattis volutpat erat, et congue nisi semper quis. Cras vehicula dignissim libero in elementum. Mauris sit amet dolor justo. Morbi consequat velit vel est fermentum euismod. Curabitur in magna augue.</p>','https://vimeo.com/67001156','','urna-pretium-elit-mauris-cursus-curabitur-at-elit-vestibulum');
INSERT INTO `PREFIXrbblog_post_shop`(`id_rbblog_post`,`id_shop`) VALUES ('1','1'),('2','1'),('3','1'),('4','1'),('5','1'),('6','1'),('7','1'),('8','1');
INSERT INTO `PREFIXrbblog_post_image`(`id_rbblog_post_image`,`id_rbblog_post`,`position`,`image`) VALUES ('1','8','1','1-8-1');
INSERT INTO `PREFIXrbblog_category`(`id_rbblog_category`,`cover`,`position`,`id_parent`,`active`,`date_add`,`date_upd`) VALUES ('1','jpg','1','0','1','2019-11-28 09:38:10','2019-11-28 09:38:12'),('2','jpg','1','1','1','2019-11-28 09:39:04','2019-11-28 09:39:05');
INSERT INTO `PREFIXrbblog_category_lang`(`id_rbblog_category`,`id_lang`,`name`,`description`,`link_rewrite`,`meta_title`,`meta_keywords`,`canonical`,`meta_description`) VALUES ('1','1','Furniture','<p>Odio ut pretium ligula quam Vestibulum consequat convallis fringilla Vestibulum nulla. Accumsan morbi tristique auctor. At risus pretium urna tortor metus fringilla interdum mauris tempor congue</p>','furniture','furniture','','',''),('1','2','Furniture','<p>Odio ut pretium ligula quam Vestibulum consequat convallis fringilla Vestibulum nulla. Accumsan morbi tristique auctor. At risus pretium urna tortor metus fringilla interdum mauris tempor congue</p>','furniture','furniture','','',''),('1','3','Furniture','<p>Odio ut pretium ligula quam Vestibulum consequat convallis fringilla Vestibulum nulla. Accumsan morbi tristique auctor. At risus pretium urna tortor metus fringilla interdum mauris tempor congue</p>','furniture','furniture','','',''),('1','4','Furniture','<p>Odio ut pretium ligula quam Vestibulum consequat convallis fringilla Vestibulum nulla. Accumsan morbi tristique auctor. At risus pretium urna tortor metus fringilla interdum mauris tempor congue</p>','furniture','furniture','','',''),('2','1','Chairs','<p><span style="background-color:#ffffff;">Odio ut pretium ligula quam Vestibulum consequat convallis fringilla Vestibulum nulla. Accumsan morbi tristique auctor. At risus pretium urna tortor metus fringilla interdum mauris tempor congue</span></p>','chairs','','','',''),('2','2','Chairs','<p><span style="background-color:#ffffff;">Odio ut pretium ligula quam Vestibulum consequat convallis fringilla Vestibulum nulla. Accumsan morbi tristique auctor. At risus pretium urna tortor metus fringilla interdum mauris tempor congue</span></p>','chairs','','','',''),('2','3','Chairs','<p><span style="background-color:#ffffff;">Odio ut pretium ligula quam Vestibulum consequat convallis fringilla Vestibulum nulla. Accumsan morbi tristique auctor. At risus pretium urna tortor metus fringilla interdum mauris tempor congue</span></p>','chairs','','','',''),('2','4','Chairs','<p><span style="background-color:#ffffff;">Odio ut pretium ligula quam Vestibulum consequat convallis fringilla Vestibulum nulla. Accumsan morbi tristique auctor. At risus pretium urna tortor metus fringilla interdum mauris tempor congue</span></p>','chairs','','','','');
INSERT INTO `PREFIXrbblog_category_shop`(`id_rbblog_category`,`id_shop`) VALUES ('1','1'),('2','1');
INSERT INTO `PREFIXrbblog_tag`(`id_rbblog_tag`,`id_lang`,`name`) VALUES ('1','1','furniture'),('2','1','chair'),('3','1','decor');
INSERT INTO `PREFIXrbblog_post_tag`(`id_rbblog_post`,`id_rbblog_tag`) VALUES ('1','1'),('1','2'),('2','1'),('2','3'),('8','1'),('8','3');
